time,palm_pos,palm_vel,span
1552501824.272134, 0.000000, 0.000000, 0.000000
1552501824.282198, 0.000000, 0.000000, 0.000000
1552501824.287439, 0.000000, 0.000000, 0.000000
1552501824.292579, 0.000000, 0.000000, 0.000000
1552501824.297846, 0.000000, 0.000000, 0.000000
1552501824.303550, 0.000000, 0.000000, 0.000000
1552501824.309247, 0.000000, 0.000000, 0.000000
1552501824.314670, 0.000000, 0.000000, 0.000000
1552501824.319916, 0.000000, 0.000000, 0.000000
1552501824.325643, 0.000000, 0.000000, 0.000000
1552501824.331334, 0.000000, 0.000000, 0.000000
1552501824.336703, 0.000000, 0.000000, 0.000000
1552501824.342407, 0.000000, 0.000000, 0.000000
1552501824.348118, 0.000000, 0.000000, 0.000000
1552501824.353226, 0.000000, 0.000000, 0.000000
1552501824.358944, 0.000000, 0.000000, 0.000000
1552501824.364624, 0.000000, 0.000000, 0.000000
1552501824.370292, 0.000000, 0.000000, 0.000000
1552501824.375828, 0.000000, 0.000000, 0.000000
1552501824.381455, 0.000000, 0.000000, 0.000000
1552501824.387057, 0.000000, 0.000000, 0.000000
1552501824.393120, 0.000000, 0.000000, 0.000000
1552501824.398858, 0.000000, 0.000000, 0.000000
1552501824.404291, 0.000000, 0.000000, 0.000000
1552501824.410025, 0.000000, 0.000000, 0.000000
1552501824.415321, 0.000000, 0.000000, 0.000000
1552501824.420500, 0.000000, 0.000000, 0.000000
1552501824.425954, 0.000000, 0.000000, 0.000000
1552501824.431649, 0.000000, 0.000000, 0.000000
1552501824.437346, 0.000000, 0.000000, 0.000000
1552501824.443027, 0.000000, 0.000000, 0.000000
1552501824.448708, 0.000000, 0.000000, 0.000000
1552501824.454396, 0.000000, 0.000000, 0.000000
1552501824.460113, 0.000000, 0.000000, 0.000000
1552501824.465804, 0.000000, 0.000000, 0.000000
1552501824.471488, 0.000000, 0.000000, 0.000000
1552501824.477179, 0.000000, 0.000000, 0.000000
1552501824.482336, 0.000000, 0.000000, 0.000000
1552501824.487695, 0.000000, 0.000000, 0.000000
1552501824.493425, 0.000000, 0.000000, 0.000000
1552501824.499133, 0.000000, 0.000000, 0.000000
1552501824.504821, 0.000000, 0.000000, 0.000000
1552501824.510506, 0.000000, 0.000000, 0.000000
1552501824.515632, 0.000000, 0.000000, 0.000000
1552501824.520972, 0.000000, 0.000000, 0.000000
1552501824.526553, 0.000000, 0.000000, 0.000000
1552501824.531696, 0.000000, 0.000000, 0.000000
1552501824.537387, 0.000000, 0.000000, 0.000000
1552501824.543073, 0.000000, 0.000000, 0.000000
1552501824.549068, 0.000000, 0.000000, 0.000000
1552501824.554308, 0.000000, 0.000000, 0.000000
1552501824.560033, 0.000000, 0.000000, 0.000000
1552501824.565282, 0.000000, 0.000000, 0.000000
1552501824.570989, 0.000000, 0.000000, 0.000000
1552501824.576683, 0.000000, 0.000000, 0.000000
1552501824.581840, 0.000000, 0.000000, 0.000000
1552501824.587208, 0.000000, 0.000000, 0.000000
1552501824.592931, 0.000000, 0.000000, 0.000000
1552501824.598636, 0.000000, 0.000000, 0.000000
1552501824.604014, 0.000000, 0.000000, 0.000000
1552501824.609722, 0.000000, 0.000000, 0.000000
1552501824.614840, 0.000000, 0.000000, 0.000000
1552501824.620106, 0.000000, 0.000000, 0.000000
1552501824.625845, 0.000000, 0.000000, 0.000000
1552501824.631532, 0.000000, 0.000000, 0.000000
1552501824.636938, 0.000000, 0.000000, 0.000000
1552501824.642645, 0.000000, 0.000000, 0.000000
1552501824.648083, 0.000000, 0.000000, 0.000000
1552501824.653414, 0.000000, 0.000000, 0.000000
1552501824.659082, 0.000000, 0.000000, 0.000000
1552501824.664653, 0.000000, 0.000000, 0.000000
1552501824.670338, 0.000000, 0.000000, 0.000000
1552501824.676078, 0.000000, 0.000000, 0.000000
1552501824.681363, 0.000000, 0.000000, 0.000000
1552501824.686742, 0.000000, 0.000000, 0.000000
1552501824.692462, 0.000000, 0.000000, 0.000000
1552501824.698157, 0.000000, 0.000000, 0.000000
1552501824.703853, 0.000000, 0.000000, 0.000000
1552501824.709533, 0.000000, 0.000000, 0.000000
1552501824.714660, 0.000000, 0.000000, 0.000000
1552501824.720354, 0.000000, 0.000000, 0.000000
1552501824.726068, 0.000000, 0.000000, 0.000000
1552501824.731762, 0.000000, 0.000000, 0.000000
1552501824.737187, 0.000000, 0.000000, 0.000000
1552501824.742886, 0.000000, 0.000000, 0.000000
1552501824.748026, 0.000000, 0.000000, 0.000000
1552501824.753337, 0.000000, 0.000000, 0.000000
1552501824.759060, 0.000000, 0.000000, 0.000000
1552501824.764763, 0.000000, 0.000000, 0.000000
1552501824.770467, 0.000000, 0.000000, 0.000000
1552501824.777731, 0.000000, 0.000000, 0.000000
1552501824.783948, 0.000000, 0.000000, 0.000000
1552501824.790076, 0.000000, 0.000000, 0.000000
1552501824.798837, 0.000000, 0.000000, 0.000000
1552501824.811409, 0.000000, 0.000000, 0.000000
1552501824.816730, 0.000000, 0.000000, 0.000000
1552501824.822004, 0.000000, 0.000000, 0.000000
1552501824.832282, 0.000000, 0.000000, 0.000000
1552501824.838001, 0.000000, 0.000000, 0.000000
1552501824.844323, 0.000000, 0.000000, 0.000000
1552501824.849662, 0.000000, 0.000000, 0.000000
1552501824.855832, 0.000000, 0.000000, 0.000000
1552501824.861460, 0.000000, 0.000000, 0.000000
1552501824.867521, 0.000000, 0.000000, 0.000000
1552501824.877040, 0.000000, 0.000000, 0.000000
1552501824.885792, 0.000000, 0.000000, 0.000000
1552501824.891740, 0.000000, 0.000000, 0.000000
1552501824.897039, 0.000000, 0.000000, 0.000000
1552501824.902634, 0.000000, 0.000000, 0.000000
1552501824.908355, 0.000000, 0.000000, 0.000000
1552501824.913614, 0.000000, 0.000000, 0.000000
1552501824.919530, 0.000000, 0.000000, 0.000000
1552501824.925455, 0.000000, 0.000000, 0.000000
1552501824.930603, 0.000000, 0.000000, 0.000000
1552501824.936074, 0.000000, 0.000000, 0.000000
1552501824.941650, 0.000000, 0.000000, 0.000000
1552501824.947334, 0.000000, 0.000000, 0.000000
1552501824.952482, 0.000000, 0.000000, 0.000000
1552501824.958513, 0.000000, 0.000000, 0.000000
1552501824.965753, 0.000000, 0.000000, 0.000000
1552501824.971160, 0.000000, 0.000000, 0.000000
1552501824.976869, 0.000000, 0.000000, 0.000000
1552501824.982112, 0.000000, 0.000000, 0.000000
1552501824.987360, 0.000000, 0.000000, 0.000000
1552501824.993987, 0.000000, 0.000000, 0.000000
1552501824.999622, 0.000000, 0.000000, 0.000000
1552501825.006335, 0.000000, 0.000000, 0.000000
1552501825.011431, 0.000000, 0.000000, 0.000000
1552501825.017409, 0.000000, 0.000000, 0.000000
1552501825.024433, 0.000000, 0.000000, 0.000000
1552501825.029732, 0.000000, 0.000000, 0.000000
1552501825.034972, 0.000000, 0.000000, 0.000000
1552501825.040074, 0.000000, 0.000000, 0.000000
1552501825.046411, 0.000000, 0.000000, 0.000000
1552501825.052415, 0.000000, 0.000000, 0.000000
1552501825.058604, 0.000000, 0.000000, 0.000000
1552501825.063702, 0.000000, 0.000000, 0.000000
1552501825.069379, 0.000000, 0.000000, 0.000000
1552501825.075060, 0.000000, 0.000000, 0.000000
1552501825.080632, 0.000000, 0.000000, 0.000000
1552501825.086317, 0.000000, 0.000000, 0.000000
1552501825.091847, 0.000000, 0.000000, 0.000000
1552501825.098766, 0.000000, 0.000000, 0.000000
1552501825.106975, 0.000000, 0.000000, 0.000000
1552501825.112616, 0.000000, 0.000000, 0.000000
1552501825.118337, 0.000000, 0.000000, 0.000000
1552501825.123567, 0.000000, 0.000000, 0.000000
1552501825.129647, 0.000000, 0.000000, 0.000000
1552501825.135423, 0.000000, 0.000000, 0.000000
1552501825.140554, 0.000000, 0.000000, 0.000000
1552501825.146622, 0.000000, 0.000000, 0.000000
1552501825.152338, 0.000000, 0.000000, 0.000000
1552501825.158198, 0.000000, 0.000000, 0.000000
1552501825.163886, 0.000000, 0.000000, 0.000000
1552501825.169095, 0.000000, 0.000000, 0.000000
1552501825.174751, 0.000000, 0.000000, 0.000000
1552501825.185431, 0.000000, 0.000000, 0.000000
1552501825.191216, 0.000000, 0.000000, 0.000000
1552501825.196953, 0.000000, 0.000000, 0.000000
1552501825.202680, 0.000000, 0.000000, 0.000000
1552501825.208399, 0.000000, 0.000000, 0.000000
1552501825.213553, 0.000000, 0.000000, 0.000000
1552501825.219296, 0.000000, 0.000000, 0.000000
1552501825.224841, 0.000000, 0.000000, 0.000000
1552501825.230550, 0.000000, 0.000000, 0.000000
1552501825.236502, 0.000000, 0.000000, 0.000000
1552501825.241859, 0.000000, 0.000000, 0.000000
1552501825.247619, 0.000000, 0.000000, 0.000000
1552501825.254968, 0.000000, 0.000000, 0.000000
1552501825.260085, 0.000000, 0.000000, 0.000000
1552501825.265358, 0.000000, 0.000000, 0.000000
1552501825.271137, 0.000000, 0.000000, 0.000000
1552501825.276578, 0.000000, 0.000000, 0.000000
1552501825.282361, 0.000000, 0.000000, 0.000000
1552501825.287596, 0.000000, 0.000000, 0.000000
1552501825.293261, 0.000000, 0.000000, 0.000000
1552501825.298996, 0.000000, 0.000000, 0.000000
1552501825.304881, 0.000000, 0.000000, 0.000000
1552501825.310590, 0.000000, 0.000000, 0.000000
1552501825.315993, 0.000000, 0.000000, 0.000000
1552501825.321332, 0.000000, 0.000000, 0.000000
1552501825.326676, 0.000000, 0.000000, 0.000000
1552501825.332607, 0.000000, 0.000000, 0.000000
1552501825.338109, 0.000000, 0.000000, 0.000000
1552501825.343952, 0.000000, 0.000000, 0.000000
1552501825.349277, 0.000000, 0.000000, 0.000000
1552501825.355645, 0.000000, 0.000000, 0.000000
1552501825.362393, 0.000000, 0.000000, 0.000000
1552501825.371473, 0.000000, 0.000000, 0.000000
1552501825.377079, 0.000000, 0.000000, 0.000000
1552501825.382271, 0.000000, 0.000000, 0.000000
1552501825.387576, 0.000000, 0.000000, 0.000000
1552501825.393272, 0.000000, 0.000000, 0.000000
1552501825.401304, 0.000000, 0.000000, 0.000000
1552501825.406422, 0.000000, 0.000000, 0.000000
1552501825.412141, 0.000000, 0.000000, 0.000000
1552501825.417244, 0.000000, 0.000000, 0.000000
1552501825.426568, 0.000000, 0.000000, 0.000000
1552501825.433096, 0.000000, 0.000000, 0.000000
1552501825.438494, 0.000000, 0.000000, 0.000000
1552501825.444043, 0.000000, 0.000000, 0.000000
1552501825.449251, 0.000000, 0.000000, 0.000000
1552501825.454572, 0.000000, 0.000000, 0.000000
1552501825.460314, 0.000000, 0.000000, 0.000000
1552501825.466441, 0.000000, 0.000000, 0.000000
1552501825.472177, 0.000000, 0.000000, 0.000000
1552501825.477278, 0.000000, 0.000000, 0.000000
1552501825.482574, 0.000000, 0.000000, 0.000000
1552501825.487918, 0.000000, 0.000000, 0.000000
1552501825.493595, 0.000000, 0.000000, 0.000000
1552501825.499294, 0.000000, 0.000000, 0.000000
1552501825.504967, 0.000000, 0.000000, 0.000000
1552501825.510620, 0.000000, 0.000000, 0.000000
1552501825.516091, 0.000000, 0.000000, 0.000000
1552501825.521991, 0.000000, 0.000000, 0.000000
1552501825.527653, 0.000000, 0.000000, 0.000000
1552501825.533333, 0.000000, 0.000000, 0.000000
1552501825.538851, 0.000000, 0.000000, 0.000000
1552501825.545119, 0.000000, 0.000000, 0.000000
1552501825.556300, 0.000000, 0.000000, 0.000000
1552501825.561925, 0.000000, 0.000000, 0.000000
1552501825.568430, 0.000000, 0.000000, 0.000000
1552501825.577460, 0.000000, 0.000000, 0.000000
1552501825.582622, 0.000000, 0.000000, 0.000000
1552501825.587872, 0.000000, 0.000000, 0.000000
1552501825.593548, 0.000000, 0.000000, 0.000000
1552501825.605318, 0.000000, 0.000000, 0.000000
1552501825.610600, 0.000000, 0.000000, 0.000000
1552501825.615808, 0.000000, 0.000000, 0.000000
1552501825.621926, 0.000000, 0.000000, 0.000000
1552501825.628291, 0.000000, 0.000000, 0.000000
1552501825.633435, 0.000000, 0.000000, 0.000000
1552501825.638821, 0.000000, 0.000000, 0.000000
1552501825.643934, 0.000000, 0.000000, 0.000000
1552501825.649113, 0.000000, 0.000000, 0.000000
1552501825.656818, 0.000000, 0.000000, 0.000000
1552501825.662548, 0.000000, 0.000000, 0.000000
1552501825.669817, 0.000000, 0.000000, 0.000000
1552501825.675556, 0.000000, 0.000000, 0.000000
1552501825.680822, 0.000000, 0.000000, 0.000000
1552501825.686180, 0.000000, 0.000000, 0.000000
1552501825.691959, 0.000000, 0.000000, 0.000000
1552501825.697686, 0.000000, 0.000000, 0.000000
1552501825.703161, 0.000000, 0.000000, 0.000000
1552501825.708882, 0.000000, 0.000000, 0.000000
1552501825.714337, 0.000000, 0.000000, 0.000000
1552501825.719820, 0.000000, 0.000000, 0.000000
1552501825.725575, 0.000000, 0.000000, 0.000000
1552501825.733370, 0.000000, 0.000000, 0.000000
1552501825.739025, 0.000000, 0.000000, 0.000000
1552501825.745628, 0.000000, 0.000000, 0.000000
1552501825.750778, 0.000000, 0.000000, 0.000000
1552501825.757036, 0.000000, 0.000000, 0.000000
1552501825.762218, 0.000000, 0.000000, 0.000000
1552501825.767854, 0.000000, 0.000000, 0.000000
1552501825.773534, 0.000000, 0.000000, 0.000000
1552501825.779237, 0.000000, 0.000000, 0.000000
1552501825.786336, 0.000000, 0.000000, 0.000000
1552501825.791570, 0.000000, 0.000000, 0.000000
1552501825.796936, 0.000000, 0.000000, 0.000000
1552501825.804257, 0.000000, 0.000000, 0.000000
1552501825.810551, 0.000000, 0.000000, 0.000000
1552501825.816511, 0.000000, 0.000000, 0.000000
1552501825.824182, 0.000000, 0.000000, 0.000000
1552501825.830673, 0.000000, 0.000000, 0.000000
1552501825.835864, 0.000000, 0.000000, 0.000000
1552501825.841590, 0.000000, 0.000000, 0.000000
1552501825.846743, 0.000000, 0.000000, 0.000000
1552501825.851943, 0.000000, 0.000000, 0.000000
1552501825.858368, 0.000000, 0.000000, 0.000000
1552501825.864638, 0.000000, 0.000000, 0.000000
1552501825.870039, 0.000000, 0.000000, 0.000000
1552501825.875679, 0.000000, 0.000000, 0.000000
1552501825.880867, 0.000000, 0.000000, 0.000000
1552501825.886841, 0.000000, 0.000000, 0.000000
1552501825.893159, 0.000000, 0.000000, 0.000000
1552501825.898698, 0.000000, 0.000000, 0.000000
1552501825.905438, 0.000000, 0.000000, 0.000000
1552501825.911161, 0.000000, 0.000000, 0.000000
1552501825.917243, 0.000000, 0.000000, 0.000000
1552501825.923787, 0.000000, 0.000000, 0.000000
1552501825.928927, 0.000000, 0.000000, 0.000000
1552501825.934124, 0.000000, 0.000000, 0.000000
1552501825.944668, 0.000000, 0.000000, 0.000000
1552501825.950316, 0.000000, 0.000000, 0.000000
1552501825.957586, 0.000000, 0.000000, 0.000000
1552501825.963239, 0.000000, 0.000000, 0.000000
1552501825.968749, 0.000000, 0.000000, 0.000000
1552501825.974363, 0.000000, 0.000000, 0.000000
1552501825.980098, 0.000000, 0.000000, 0.000000
1552501825.985762, 0.000000, 0.000000, 0.000000
1552501825.991391, 0.000000, 0.000000, 0.000000
1552501825.997467, 0.000000, 0.000000, 0.000000
1552501826.002981, 0.000000, 0.000000, 0.000000
1552501826.008679, 0.000000, 0.000000, 0.000000
1552501826.014098, 0.000000, 0.000000, 0.000000
1552501826.019227, 0.000000, 0.000000, 0.000000
1552501826.027089, 0.000000, 0.000000, 0.000000
1552501826.032699, 0.000000, 0.000000, 0.000000
1552501826.038428, 0.000000, 0.000000, 0.000000
1552501826.044131, 0.000000, 0.000000, 0.000000
1552501826.051535, 0.000000, 0.000000, 0.000000
1552501826.057464, 0.000000, 0.000000, 0.000000
1552501826.063188, 0.000000, 0.000000, 0.000000
1552501826.068650, 0.000000, 0.000000, 0.000000
1552501826.074495, 0.000000, 0.000000, 0.000000
1552501826.080557, 0.000000, 0.000000, 0.000000
1552501826.085841, 0.000000, 0.000000, 0.000000
1552501826.091647, 0.000000, 0.000000, 0.000000
1552501826.097118, 0.000000, 0.000000, 0.000000
1552501826.102828, 0.000000, 0.000000, 0.000000
1552501826.108246, 0.000000, 0.000000, 0.000000
1552501826.113899, 0.000000, 0.000000, 0.000000
1552501826.119159, 0.000000, 0.000000, 0.000000
1552501826.124890, 0.000000, 0.000000, 0.000000
1552501826.130799, 0.000000, 0.000000, 0.000000
1552501826.136673, 0.000000, 0.000000, 0.000000
1552501826.142364, 0.000000, 0.000000, 0.000000
1552501826.147650, 0.000000, 0.000000, 0.000000
1552501826.153329, 0.000000, 0.000000, 0.000000
1552501826.159031, 0.000000, 0.000000, 0.000000
1552501826.165569, 0.000000, 0.000000, 0.000000
1552501826.171295, 0.000000, 0.000000, 0.000000
1552501826.177516, 0.000000, 0.000000, 0.000000
1552501826.183139, 0.000000, 0.000000, 0.000000
1552501826.189019, 0.000000, 0.000000, 0.000000
1552501826.194850, 0.000000, 0.000000, 0.000000
1552501826.200511, 0.000000, 0.000000, 0.000000
1552501826.206175, 0.000000, 0.000000, 0.000000
1552501826.215905, 0.000000, 0.000000, 0.000000
1552501826.223752, 0.000000, 0.000000, 0.000000
1552501826.229483, 0.000000, 0.000000, 0.000000
1552501826.234879, 0.000000, 0.000000, 0.000000
1552501826.240198, 0.000000, 0.000000, 0.000000
1552501826.245917, 0.000000, 0.000000, 0.000000
1552501826.251188, 0.000000, 0.000000, 0.000000
1552501826.257484, 0.000000, 0.000000, 0.000000
1552501826.263216, 0.000000, 0.000000, 0.000000
1552501826.268942, 0.000000, 0.000000, 0.000000
1552501826.274663, 0.000000, 0.000000, 0.000000
1552501826.280065, 0.000000, 0.000000, 0.000000
1552501826.285340, 0.000000, 0.000000, 0.000000
1552501826.290678, 0.000000, 0.000000, 0.000000
1552501826.300824, 0.000000, 0.000000, 0.000000
1552501826.306478, 0.000000, 0.000000, 0.000000
1552501826.312124, 0.000000, 0.000000, 0.000000
1552501826.317597, 0.000000, 0.000000, 0.000000
1552501826.323656, 0.000000, 0.000000, 0.000000
1552501826.330514, 0.000000, 0.000000, 0.000000
1552501826.336163, 0.000000, 0.000000, 0.000000
1552501826.341904, 0.000000, 0.000000, 0.000000
1552501826.347068, 0.000000, 0.000000, 0.000000
1552501826.352355, 0.000000, 0.000000, 0.000000
1552501826.357728, 0.000000, 0.000000, 0.000000
1552501826.363460, 0.000000, 0.000000, 0.000000
1552501826.369181, 0.000000, 0.000000, 0.000000
1552501826.376862, 0.000000, 0.000000, 0.000000
1552501826.381995, 0.000000, 0.000000, 0.000000
1552501826.387320, 0.000000, 0.000000, 0.000000
1552501826.392767, 0.000000, 0.000000, 0.000000
1552501826.398526, 0.000000, 0.000000, 0.000000
1552501826.404400, 0.000000, 0.000000, 0.000000
1552501826.410530, 0.000000, 0.000000, 0.000000
1552501826.416149, 0.000000, 0.000000, 0.000000
1552501826.423049, 0.000000, 0.000000, 0.000000
1552501826.428773, 0.000000, 0.000000, 0.000000
1552501826.434930, 0.000000, 0.000000, 0.000000
1552501826.441932, 0.000000, 0.000000, 0.000000
1552501826.447134, 0.000000, 0.000000, 0.000000
1552501826.452307, 0.000000, 0.000000, 0.000000
1552501826.457442, 0.000000, 0.000000, 0.000000
1552501826.463256, 0.000000, 0.000000, 0.000000
1552501826.468874, 0.000000, 0.000000, 0.000000
1552501826.474349, 0.000000, 0.000000, 0.000000
1552501826.480018, 0.000000, 0.000000, 0.000000
1552501826.485300, 0.000000, 0.000000, 0.000000
1552501826.490857, 0.000000, 0.000000, 0.000000
1552501826.496537, 0.000000, 0.000000, 0.000000
1552501826.502535, 0.000000, 0.000000, 0.000000
1552501826.508263, 0.000000, 0.000000, 0.000000
1552501826.513613, 0.000000, 0.000000, 0.000000
1552501826.518978, 0.000000, 0.000000, 0.000000
1552501826.524565, 0.000000, 0.000000, 0.000000
1552501826.530297, 0.000000, 0.000000, 0.000000
1552501826.535985, 0.000000, 0.000000, 0.000000
1552501826.541698, 0.000000, 0.000000, 0.000000
1552501826.547166, 0.000000, 0.000000, 0.000000
1552501826.553866, 0.000000, 0.000000, 0.000000
1552501826.559267, 0.000000, 0.000000, 0.000000
1552501826.566603, 0.000000, 0.000000, 0.000000
1552501826.574410, 0.000000, 0.000000, 0.000000
1552501826.580101, 0.000000, 0.000000, 0.000000
1552501826.585636, 0.000000, 0.000000, 0.000000
1552501826.590976, 0.000000, 0.000000, 0.000000
1552501826.596643, 0.000000, 0.000000, 0.000000
1552501826.602315, 0.000000, 0.000000, 0.000000
1552501826.607413, 0.000000, 0.000000, 0.000000
1552501826.613096, 0.000000, 0.000000, 0.000000
1552501826.618529, 0.000000, 0.000000, 0.000000
1552501826.624056, 0.000000, 0.000000, 0.000000
1552501826.629720, 0.000000, 0.000000, 0.000000
1552501826.637502, 0.000000, 0.000000, 0.000000
1552501826.643110, 0.000000, 0.000000, 0.000000
1552501826.648518, 0.000000, 0.000000, 0.000000
1552501826.654560, 0.000000, 0.000000, 0.000000
1552501826.661526, 0.000000, 0.000000, 0.000000
1552501826.666954, 0.000000, 0.000000, 0.000000
1552501826.673738, 0.000000, 0.000000, 0.000000
1552501826.679353, 0.000000, 0.000000, 0.000000
1552501826.684675, 0.000000, 0.000000, 0.000000
1552501826.690640, 0.000000, 0.000000, 0.000000
1552501826.695944, 0.000000, 0.000000, 0.000000
1552501826.701731, 0.000000, 0.000000, 0.000000
1552501826.706833, 0.000000, 0.000000, 0.000000
1552501826.712531, 0.000000, 0.000000, 0.000000
1552501826.718340, 0.000000, 0.000000, 0.000000
1552501826.723678, 0.000000, 0.000000, 0.000000
1552501826.729201, 0.000000, 0.000000, 0.000000
1552501826.734856, 0.000000, 0.000000, 0.000000
1552501826.740440, 0.000000, 0.000000, 0.000000
1552501826.746071, 0.000000, 0.000000, 0.000000
1552501826.751327, 0.000000, 0.000000, 0.000000
1552501826.757015, 0.000000, 0.000000, 0.000000
1552501826.762160, 0.000000, 0.000000, 0.000000
1552501826.769546, 0.000000, 0.000000, 0.000000
1552501826.775390, 0.000000, 0.000000, 0.000000
1552501826.784979, 0.000000, 0.000000, 0.000000
1552501826.795304, 0.000000, 0.000000, 0.000000
1552501826.800630, 0.000000, 0.000000, 0.000000
1552501826.806434, 0.000000, 0.000000, 0.000000
1552501826.813438, 0.000000, 0.000000, 0.000000
1552501826.818727, 0.000000, 0.000000, 0.000000
1552501826.824245, 0.000000, 0.000000, 0.000000
1552501826.834477, 0.000000, 0.000000, 0.000000
1552501826.840087, 0.000000, 0.000000, 0.000000
1552501826.845810, 0.000000, 0.000000, 0.000000
1552501826.851190, 0.000000, 0.000000, 0.000000
1552501826.856888, 0.000000, 0.000000, 0.000000
1552501826.862623, 0.000000, 0.000000, 0.000000
1552501826.869540, 0.000000, 0.000000, 0.000000
1552501826.874902, 0.000000, 0.000000, 0.000000
1552501826.880064, 0.000000, 0.000000, 0.000000
1552501826.885393, 0.000000, 0.000000, 0.000000
1552501826.891084, 0.000000, 0.000000, 0.000000
1552501826.896762, 0.000000, 0.000000, 0.000000
1552501826.904079, 0.000000, 0.000000, 0.000000
1552501826.909759, 0.000000, 0.000000, 0.000000
1552501826.915825, 0.000000, 0.000000, 0.000000
1552501826.921989, 0.000000, 0.000000, 0.000000
1552501826.927735, 0.000000, 0.000000, 0.000000
1552501826.933414, 0.000000, 0.000000, 0.000000
1552501826.938737, 0.000000, 0.000000, 0.000000
1552501826.944554, 0.000000, 0.000000, 0.000000
1552501826.949826, 0.000000, 0.000000, 0.000000
1552501826.957868, 0.000000, 0.000000, 0.000000
1552501826.963586, 0.000000, 0.000000, 0.000000
1552501826.970250, 0.000000, 0.000000, 0.000000
1552501826.975497, 0.000000, 0.000000, 0.000000
1552501826.980670, 0.000000, 0.000000, 0.000000
1552501826.985790, 0.000000, 0.000000, 0.000000
1552501826.991050, 0.000000, 0.000000, 0.000000
1552501826.996637, 0.000000, 0.000000, 0.000000
1552501827.003478, 0.000000, 0.000000, 0.000000
1552501827.009185, 0.000000, 0.000000, 0.000000
1552501827.014487, 0.000000, 0.000000, 0.000000
1552501827.019827, 0.000000, 0.000000, 0.000000
1552501827.025171, 0.000000, 0.000000, 0.000000
1552501827.030827, 0.000000, 0.000000, 0.000000
1552501827.036502, 0.000000, 0.000000, 0.000000
1552501827.042139, 0.000000, 0.000000, 0.000000
1552501827.047469, 0.000000, 0.000000, 0.000000
1552501827.053156, 0.000000, 0.000000, 0.000000
1552501827.058876, 0.000000, 0.000000, 0.000000
1552501827.066960, 0.000000, 0.000000, 0.000000
1552501827.072251, 0.000000, 0.000000, 0.000000
1552501827.077850, 0.000000, 0.000000, 0.000000
1552501827.083579, 0.000000, 0.000000, 0.000000
1552501827.089203, 0.000000, 0.000000, 0.000000
1552501827.094941, 0.000000, 0.000000, 0.000000
1552501827.100416, 0.000000, 0.000000, 0.000000
1552501827.105584, 0.000000, 0.000000, 0.000000
1552501827.110809, 0.000000, 0.000000, 0.000000
1552501827.116231, 0.000000, 0.000000, 0.000000
1552501827.121960, 0.000000, 0.000000, 0.000000
1552501827.127683, 0.000000, 0.000000, 0.000000
1552501827.133051, 0.000000, 0.000000, 0.000000
1552501827.138762, 0.000000, 0.000000, 0.000000
1552501827.145675, 0.000000, 0.000000, 0.000000
1552501827.151025, 0.000000, 0.000000, 0.000000
1552501827.157201, 0.000000, 0.000000, 0.000000
1552501827.162959, 0.000000, 0.000000, 0.000000
1552501827.168681, 0.000000, 0.000000, 0.000000
1552501827.174400, 0.000000, 0.000000, 0.000000
1552501827.179719, 0.000000, 0.000000, 0.000000
1552501827.188646, 0.000000, 0.000000, 0.000000
1552501827.193950, 0.000000, 0.000000, 0.000000
1552501827.199264, 0.000000, 0.000000, 0.000000
1552501827.204557, 0.000000, 0.000000, 0.000000
1552501827.210229, 0.000000, 0.000000, 0.000000
1552501827.215622, 0.000000, 0.000000, 0.000000
1552501827.221949, 0.000000, 0.000000, 0.000000
1552501827.227680, 0.000000, 0.000000, 0.000000
1552501827.232924, 0.000000, 0.000000, 0.000000
1552501827.238581, 0.000000, 0.000000, 0.000000
1552501827.244162, 0.000000, 0.000000, 0.000000
1552501827.249826, 0.000000, 0.000000, 0.000000
1552501827.257835, 0.000000, 0.000000, 0.000000
1552501827.263413, 0.000000, 0.000000, 0.000000
1552501827.269123, 0.000000, 0.000000, 0.000000
1552501827.274370, 0.000000, 0.000000, 0.000000
1552501827.279806, 0.000000, 0.000000, 0.000000
1552501827.285102, 0.000000, 0.000000, 0.000000
1552501827.290898, 0.000000, 0.000000, 0.000000
1552501827.296619, 0.000000, 0.000000, 0.000000
1552501827.302732, 0.000000, 0.000000, 0.000000
1552501827.309028, 0.000000, 0.000000, 0.000000
1552501827.314340, 0.000000, 0.000000, 0.000000
1552501827.319654, 0.000000, 0.000000, 0.000000
1552501827.328647, 0.000000, 0.000000, 0.000000
1552501827.335657, 0.000000, 0.000000, 0.000000
1552501827.340760, 0.000000, 0.000000, 0.000000
1552501827.346343, 0.000000, 0.000000, 0.000000
1552501827.351910, 0.000000, 0.000000, 0.000000
1552501827.358614, 0.000000, 0.000000, 0.000000
1552501827.365048, 0.000000, 0.000000, 0.000000
1552501827.370823, 0.000000, 0.000000, 0.000000
1552501827.377537, 0.000000, 0.000000, 0.000000
1552501827.382702, 0.000000, 0.000000, 0.000000
1552501827.388998, 0.000000, 0.000000, 0.000000
1552501827.395126, 0.000000, 0.000000, 0.000000
1552501827.400398, 0.000000, 0.000000, 0.000000
1552501827.406655, 0.000000, 0.000000, 0.000000
1552501827.412286, 0.000000, 0.000000, 0.000000
1552501827.417587, 0.000000, 0.000000, 0.000000
1552501827.423026, 0.000000, 0.000000, 0.000000
1552501827.428693, 0.000000, 0.000000, 0.000000
1552501827.434329, 0.000000, 0.000000, 0.000000
1552501827.439999, 0.000000, 0.000000, 0.000000
1552501827.445677, 0.000000, 0.000000, 0.000000
1552501827.450984, 0.000000, 0.000000, 0.000000
1552501827.456738, 0.000000, 0.000000, 0.000000
1552501827.462484, 0.000000, 0.000000, 0.000000
1552501827.467938, 0.000000, 0.000000, 0.000000
1552501827.476714, 0.000000, 0.000000, 0.000000
1552501827.482555, 0.000000, 0.000000, 0.000000
1552501827.488589, 0.000000, 0.000000, 0.000000
1552501827.494253, 0.000000, 0.000000, 0.000000
1552501827.499882, 0.000000, 0.000000, 0.000000
1552501827.506760, 0.000000, 0.000000, 0.000000
1552501827.512333, 0.000000, 0.000000, 0.000000
1552501827.517533, 0.000000, 0.000000, 0.000000
1552501827.523344, 0.000000, 0.000000, 0.000000
1552501827.529789, 0.000000, 0.000000, 0.000000
1552501827.535146, 0.000000, 0.000000, 0.000000
1552501827.544628, 0.000000, 0.000000, 0.000000
1552501827.555408, 0.000000, 0.000000, 0.000000
1552501827.561033, 0.000000, 0.000000, 0.000000
1552501827.567206, 0.000000, 0.000000, 0.000000
1552501827.572528, 0.000000, 0.000000, 0.000000
1552501827.578313, 0.000000, 0.000000, 0.000000
1552501827.585003, 0.000000, 0.000000, 0.000000
1552501827.590526, 0.000000, 0.000000, 0.000000
1552501827.596165, 0.000000, 0.000000, 0.000000
1552501827.601921, 0.000000, 0.000000, 0.000000
1552501827.607349, 0.000000, 0.000000, 0.000000
1552501827.612961, 0.000000, 0.000000, 0.000000
1552501827.622680, 0.000000, 0.000000, 0.000000
1552501827.629441, 0.000000, 0.000000, 0.000000
1552501827.634906, 0.000000, 0.000000, 0.000000
1552501827.640391, 0.000000, 0.000000, 0.000000
1552501827.646105, 0.000000, 0.000000, 0.000000
1552501827.651527, 0.000000, 0.000000, 0.000000
1552501827.658339, 0.000000, 0.000000, 0.000000
1552501827.663929, 0.000000, 0.000000, 0.000000
1552501827.669648, 0.000000, 0.000000, 0.000000
1552501827.675356, 0.000000, 0.000000, 0.000000
1552501827.680741, 0.000000, 0.000000, 0.000000
1552501827.686076, 0.000000, 0.000000, 0.000000
1552501827.691471, 0.000000, 0.000000, 0.000000
1552501827.697035, 0.000000, 0.000000, 0.000000
1552501827.707726, 0.000000, 0.000000, 0.000000
1552501827.713455, 0.000000, 0.000000, 0.000000
1552501827.718551, 0.000000, 0.000000, 0.000000
1552501827.724034, 0.000000, 0.000000, 0.000000
1552501827.729865, 0.000000, 0.000000, 0.000000
1552501827.736038, 0.000000, 0.000000, 0.000000
1552501827.741745, 0.000000, 0.000000, 0.000000
1552501827.746928, 0.000000, 0.000000, 0.000000
1552501827.752277, 0.000000, 0.000000, 0.000000
1552501827.757994, 0.000000, 0.000000, 0.000000
1552501827.763713, 0.000000, 0.000000, 0.000000
1552501827.769420, 0.000000, 0.000000, 0.000000
1552501827.775135, 0.000000, 0.000000, 0.000000
1552501827.780263, 0.000000, 0.000000, 0.000000
1552501827.785586, 0.000000, 0.000000, 0.000000
1552501827.791640, 0.000000, 0.000000, 0.000000
1552501827.797360, 0.000000, 0.000000, 0.000000
1552501827.803105, 0.000000, 0.000000, 0.000000
1552501827.808827, 0.000000, 0.000000, 0.000000
1552501827.816407, 0.000000, 0.000000, 0.000000
1552501827.822716, 0.000000, 0.000000, 0.000000
1552501827.827964, 0.000000, 0.000000, 0.000000
1552501827.833387, 0.000000, 0.000000, 0.000000
1552501827.838766, 0.000000, 0.000000, 0.000000
1552501827.844481, 0.000000, 0.000000, 0.000000
1552501827.849741, 0.000000, 0.000000, 0.000000
1552501827.856714, 0.000000, 0.000000, 0.000000
1552501827.862437, 0.000000, 0.000000, 0.000000
1552501827.868159, 0.000000, 0.000000, 0.000000
1552501827.873991, 0.000000, 0.000000, 0.000000
1552501827.879403, 0.000000, 0.000000, 0.000000
1552501827.884873, 0.000000, 0.000000, 0.000000
1552501827.890591, 0.000000, 0.000000, 0.000000
1552501827.896308, 0.000000, 0.000000, 0.000000
1552501827.901497, 0.000000, 0.000000, 0.000000
1552501827.907249, 0.000000, 0.000000, 0.000000
1552501827.912688, 0.000000, 0.000000, 0.000000
1552501827.918095, 0.000000, 0.000000, 0.000000
1552501827.923485, 0.000000, 0.000000, 0.000000
1552501827.929158, 0.000000, 0.000000, 0.000000
1552501827.934281, 0.000000, 0.000000, 0.000000
1552501827.939961, 0.000000, 0.000000, 0.000000
1552501827.945492, 0.000000, 0.000000, 0.000000
1552501827.950922, 0.000000, 0.000000, 0.000000
1552501827.956808, 0.000000, 0.000000, 0.000000
1552501827.961956, 0.000000, 0.000000, 0.000000
1552501827.967168, 0.000000, 0.000000, 0.000000
1552501827.972730, 0.000000, 0.000000, 0.000000
1552501827.978230, 0.000000, 0.000000, 0.000000
1552501827.983415, 0.000000, 0.000000, 0.000000
1552501827.989056, 0.000000, 0.000000, 0.000000
1552501827.994803, 0.000000, 0.000000, 0.000000
1552501828.001849, 0.000000, 0.000000, 0.000000
1552501828.007589, 0.000000, 0.000000, 0.000000
1552501828.013074, 0.000000, 0.000000, 0.000000
1552501828.018355, 0.000000, 0.000000, 0.000000
1552501828.023602, 0.000000, 0.000000, 0.000000
1552501828.029336, 0.000000, 0.000000, 0.000000
1552501828.042276, 0.000000, 0.000000, 0.000000
1552501828.048463, 0.000000, 0.000000, 0.000000
1552501828.056710, 0.000000, 0.000000, 0.000000
1552501828.062431, 0.000000, 0.000000, 0.000000
1552501828.068144, 0.000000, 0.000000, 0.000000
1552501828.073863, 0.000000, 0.000000, 0.000000
1552501828.079339, 0.000000, 0.000000, 0.000000
1552501828.084439, 0.000000, 0.000000, 0.000000
1552501828.090149, 0.000000, 0.000000, 0.000000
1552501828.095879, 0.000000, 0.000000, 0.000000
1552501828.101490, 0.000000, 0.000000, 0.000000
1552501828.107211, 0.000000, 0.000000, 0.000000
1552501828.112302, 0.000000, 0.000000, 0.000000
1552501828.118127, 0.000000, 0.000000, 0.000000
1552501828.123633, 0.000000, 0.000000, 0.000000
1552501828.129367, 0.000000, 0.000000, 0.000000
1552501828.135085, 0.000000, 0.000000, 0.000000
1552501828.140776, 0.000000, 0.000000, 0.000000
1552501828.145949, 0.000000, 0.000000, 0.000000
1552501828.151195, 0.000000, 0.000000, 0.000000
1552501828.157667, 0.000000, 0.000000, 0.000000
1552501828.163383, 0.000000, 0.000000, 0.000000
1552501828.169148, 0.000000, 0.000000, 0.000000
1552501828.174889, 0.000000, 0.000000, 0.000000
1552501828.180003, 0.000000, 0.000000, 0.000000
1552501828.185321, 0.000000, 0.000000, 0.000000
1552501828.193321, 0.000000, 0.000000, 0.000000
1552501828.199034, 0.000000, 0.000000, 0.000000
1552501828.204751, 0.000000, 0.000000, 0.000000
1552501828.210462, 0.000000, 0.000000, 0.000000
1552501828.215762, 0.000000, 0.000000, 0.000000
1552501828.222545, 0.000000, 0.000000, 0.000000
1552501828.228198, 0.000000, 0.000000, 0.000000
1552501828.233311, 0.000000, 0.000000, 0.000000
1552501828.239072, 0.000000, 0.000000, 0.000000
1552501828.244279, 0.000000, 0.000000, 0.000000
1552501828.249545, 0.000000, 0.000000, 0.000000
1552501828.255790, 0.000000, 0.000000, 0.000000
1552501828.261611, 0.000000, 0.000000, 0.000000
1552501828.267338, 0.000000, 0.000000, 0.000000
1552501828.272892, 0.000000, 0.000000, 0.000000
1552501828.278099, 0.000000, 0.000000, 0.000000
1552501828.283259, 0.000000, 0.000000, 0.000000
1552501828.289444, 0.000000, 0.000000, 0.000000
1552501828.295178, 0.000000, 0.000000, 0.000000
1552501828.300906, 0.000000, 0.000000, 0.000000
1552501828.306298, 0.000000, 0.000000, 0.000000
1552501828.311413, 0.000000, 0.000000, 0.000000
1552501828.316542, 0.000000, 0.000000, 0.000000
1552501828.322430, 0.000000, 0.000000, 0.000000
1552501828.328649, 0.000000, 0.000000, 0.000000
1552501828.334818, 0.000000, 0.000000, 0.000000
1552501828.340787, 0.000000, 0.000000, 0.000000
1552501828.346781, 0.000000, 0.000000, 0.000000
1552501828.351918, 0.000000, 0.000000, 0.000000
1552501828.357807, 0.000000, 0.000000, 0.000000
1552501828.363525, 0.000000, 0.000000, 0.000000
1552501828.369227, 0.000000, 0.000000, 0.000000
1552501828.374884, 0.000000, 0.000000, 0.000000
1552501828.380001, 0.000000, 0.000000, 0.000000
1552501828.385507, 0.000000, 0.000000, 0.000000
1552501828.391229, 0.000000, 0.000000, 0.000000
1552501828.397036, 0.000000, 0.000000, 0.000000
1552501828.402675, 0.000000, 0.000000, 0.000000
1552501828.409841, 0.000000, 0.000000, 0.000000
1552501828.414984, 0.000000, 0.000000, 0.000000
1552501828.420509, 0.000000, 0.000000, 0.000000
1552501828.426088, 0.000000, 0.000000, 0.000000
1552501828.431774, 0.000000, 0.000000, 0.000000
1552501828.437439, 0.000000, 0.000000, 0.000000
1552501828.443305, 0.000000, 0.000000, 0.000000
1552501828.449053, 0.000000, 0.000000, 0.000000
1552501828.456139, 0.000000, 0.000000, 0.000000
1552501828.462862, 0.000000, 0.000000, 0.000000
1552501828.468563, 0.000000, 0.000000, 0.000000
1552501828.474894, 0.000000, 0.000000, 0.000000
1552501828.479989, 0.000000, 0.000000, 0.000000
1552501828.485180, 0.000000, 0.000000, 0.000000
1552501828.490614, 0.000000, 0.000000, 0.000000
1552501828.496345, 0.000000, 0.000000, 0.000000
1552501828.501524, 0.000000, 0.000000, 0.000000
1552501828.506921, 0.000000, 0.000000, 0.000000
1552501828.512336, 0.000000, 0.000000, 0.000000
1552501828.517656, 0.000000, 0.000000, 0.000000
1552501828.523051, 0.000000, 0.000000, 0.000000
1552501828.533069, 0.000000, 0.000000, 0.000000
1552501828.538163, 0.000000, 0.000000, 0.000000
1552501828.543857, 0.000000, 0.000000, 0.000000
1552501828.549159, 0.000000, 0.000000, 0.000000
1552501828.554425, 0.000000, 0.000000, 0.000000
1552501828.560161, 0.000000, 0.000000, 0.000000
1552501828.565990, 0.000000, 0.000000, 0.000000
1552501828.571709, 0.000000, 0.000000, 0.000000
1552501828.578519, 0.000000, 0.000000, 0.000000
1552501828.584239, 0.000000, 0.000000, 0.000000
1552501828.589719, 0.000000, 0.000000, 0.000000
1552501828.596471, 0.000000, 0.000000, 0.000000
1552501828.602131, 0.000000, 0.000000, 0.000000
1552501828.607821, 0.000000, 0.000000, 0.000000
1552501828.613146, 0.000000, 0.000000, 0.000000
1552501828.618415, 0.000000, 0.000000, 0.000000
1552501828.624953, 0.000000, 0.000000, 0.000000
1552501828.630614, 0.000000, 0.000000, 0.000000
1552501828.636764, 0.000000, 0.000000, 0.000000
1552501828.642428, 0.000000, 0.000000, 0.000000
1552501828.647677, 0.000000, 0.000000, 0.000000
1552501828.652856, 0.000000, 0.000000, 0.000000
1552501828.658298, 0.000000, 0.000000, 0.000000
1552501828.663486, 0.000000, 0.000000, 0.000000
1552501828.669189, 0.000000, 0.000000, 0.000000
1552501828.675379, 0.000000, 0.000000, 0.000000
1552501828.680525, 0.000000, 0.000000, 0.000000
1552501828.687340, 0.000000, 0.000000, 0.000000
1552501828.693060, 0.000000, 0.000000, 0.000000
1552501828.698717, 0.000000, 0.000000, 0.000000
1552501828.704547, 0.000000, 0.000000, 0.000000
1552501828.709835, 0.000000, 0.000000, 0.000000
1552501828.715051, 0.000000, 0.000000, 0.000000
1552501828.721298, 0.000000, 0.000000, 0.000000
1552501828.730116, 0.000000, 0.000000, 0.000000
1552501828.743342, 0.000000, 0.000000, 0.000000
1552501828.749068, 0.000000, 0.000000, 0.000000
1552501828.754591, 0.000000, 0.000000, 0.000000
1552501828.760066, 0.000000, 0.000000, 0.000000
1552501828.765777, 0.000000, 0.000000, 0.000000
1552501828.771547, 0.000000, 0.000000, 0.000000
1552501828.777708, 0.000000, 0.000000, 0.000000
1552501828.782913, 0.000000, 0.000000, 0.000000
1552501828.788154, 0.000000, 0.000000, 0.000000
1552501828.794520, 0.000000, 0.000000, 0.000000
1552501828.805622, 0.000000, 0.000000, 0.000000
1552501828.811330, 0.000000, 0.000000, 0.000000
1552501828.816644, 0.000000, 0.000000, 0.000000
1552501828.822022, 0.000000, 0.000000, 0.000000
1552501828.828173, 0.000000, 0.000000, 0.000000
1552501828.833774, 0.000000, 0.000000, 0.000000
1552501828.839079, 0.000000, 0.000000, 0.000000
1552501828.845011, 0.000000, 0.000000, 0.000000
1552501828.850816, 0.000000, 0.000000, 0.000000
1552501828.856546, 0.000000, 0.000000, 0.000000
1552501828.862070, 0.000000, 0.000000, 0.000000
1552501828.867377, 0.000000, 0.000000, 0.000000
1552501828.873211, 0.000000, 0.000000, 0.000000
1552501828.878748, 0.000000, 0.000000, 0.000000
1552501828.884351, 0.000000, 0.000000, 0.000000
1552501828.890067, 0.000000, 0.000000, 0.000000
1552501828.895572, 0.000000, 0.000000, 0.000000
1552501828.901249, 0.000000, 0.000000, 0.000000
1552501828.906911, 0.000000, 0.000000, 0.000000
1552501828.914631, 0.000000, 0.000000, 0.000000
1552501828.921903, 0.000000, 0.000000, 0.000000
1552501828.927331, 0.000000, 0.000000, 0.000000
1552501828.933026, 0.000000, 0.000000, 0.000000
1552501828.938737, 0.000000, 0.000000, 0.000000
1552501828.945063, 0.000000, 0.000000, 0.000000
1552501828.950284, 0.000000, 0.000000, 0.000000
1552501828.955718, 0.000000, 0.000000, 0.000000
1552501828.961491, 0.000000, 0.000000, 0.000000
1552501828.969721, 0.000000, 0.000000, 0.000000
1552501828.975376, 0.000000, 0.000000, 0.000000
1552501828.980472, 0.000000, 0.000000, 0.000000
1552501828.985696, 0.000000, 0.000000, 0.000000
1552501828.991396, 0.000000, 0.000000, 0.000000
1552501828.996625, 0.000000, 0.000000, 0.000000
1552501829.002289, 0.000000, 0.000000, 0.000000
1552501829.007948, 0.000000, 0.000000, 0.000000
1552501829.014145, 0.000000, 0.000000, 0.000000
1552501829.020741, 0.000000, 0.000000, 0.000000
1552501829.027312, 0.000000, 0.000000, 0.000000
1552501829.038318, 0.000000, 0.000000, 0.000000
1552501829.044025, 0.000000, 0.000000, 0.000000
1552501829.050243, 0.000000, 0.000000, 0.000000
1552501829.056838, 0.000000, 0.000000, 0.000000
1552501829.062110, 0.000000, 0.000000, 0.000000
1552501829.067831, 0.000000, 0.000000, 0.000000
1552501829.073309, 0.000000, 0.000000, 0.000000
1552501829.078630, 0.000000, 0.000000, 0.000000
1552501829.083968, 0.000000, 0.000000, 0.000000
1552501829.089654, 0.000000, 0.000000, 0.000000
1552501829.095589, 0.000000, 0.000000, 0.000000
1552501829.101316, 0.000000, 0.000000, 0.000000
1552501829.106673, 0.000000, 0.000000, 0.000000
1552501829.111937, 0.000000, 0.000000, 0.000000
1552501829.117575, 0.000000, 0.000000, 0.000000
1552501829.123323, 0.000000, 0.000000, 0.000000
1552501829.129059, 0.000000, 0.000000, 0.000000
1552501829.134332, 0.000000, 0.000000, 0.000000
1552501829.139734, 0.000000, 0.000000, 0.000000
1552501829.145504, 0.000000, 0.000000, 0.000000
1552501829.150672, 0.000000, 0.000000, 0.000000
1552501829.156335, 0.000000, 0.000000, 0.000000
1552501829.161926, 0.000000, 0.000000, 0.000000
1552501829.167657, 0.000000, 0.000000, 0.000000
1552501829.173348, 0.000000, 0.000000, 0.000000
1552501829.178761, 0.000000, 0.000000, 0.000000
1552501829.183913, 0.000000, 0.000000, 0.000000
1552501829.189639, 0.000000, 0.000000, 0.000000
1552501829.194728, 0.000000, 0.000000, 0.000000
1552501829.199871, 0.000000, 0.000000, 0.000000
1552501829.205535, 0.000000, 0.000000, 0.000000
1552501829.211165, 0.000000, 0.000000, 0.000000
1552501829.216896, 0.000000, 0.000000, 0.000000
1552501829.222100, 0.000000, 0.000000, 0.000000
1552501829.227768, 0.000000, 0.000000, 0.000000
1552501829.233468, 0.000000, 0.000000, 0.000000
1552501829.239179, 0.000000, 0.000000, 0.000000
1552501829.244410, 0.000000, 0.000000, 0.000000
1552501829.249702, 0.000000, 0.000000, 0.000000
1552501829.255213, 0.000000, 0.000000, 0.000000
1552501829.260946, 0.000000, 0.000000, 0.000000
1552501829.266671, 0.000000, 0.000000, 0.000000
1552501829.272331, 0.000000, 0.000000, 0.000000
1552501829.277516, 0.000000, 0.000000, 0.000000
1552501829.282640, 0.000000, 0.000000, 0.000000
1552501829.288373, 0.000000, 0.000000, 0.000000
1552501829.294033, 0.000000, 0.000000, 0.000000
1552501829.299794, 0.000000, 0.000000, 0.000000
1552501829.305518, 0.000000, 0.000000, 0.000000
1552501829.310864, 0.000000, 0.000000, 0.000000
1552501829.315992, 0.000000, 0.000000, 0.000000
1552501829.322399, 0.000000, 0.000000, 0.000000
1552501829.328158, 0.000000, 0.000000, 0.000000
1552501829.333784, 0.000000, 0.000000, 0.000000
1552501829.339528, 0.000000, 0.000000, 0.000000
1552501829.345204, 0.000000, 0.000000, 0.000000
1552501829.350956, 0.000000, 0.000000, 0.000000
1552501829.356671, 0.000000, 0.000000, 0.000000
1552501829.362030, 0.000000, 0.000000, 0.000000
1552501829.367391, 0.000000, 0.000000, 0.000000
1552501829.373097, 0.000000, 0.000000, 0.000000
1552501829.378556, 0.000000, 0.000000, 0.000000
1552501829.383798, 0.000000, 0.000000, 0.000000
1552501829.389528, 0.000000, 0.000000, 0.000000
1552501829.395242, 0.000000, 0.000000, 0.000000
1552501829.400978, 0.000000, 0.000000, 0.000000
1552501829.406697, 0.000000, 0.000000, 0.000000
1552501829.411814, 0.000000, 0.000000, 0.000000
1552501829.417135, 0.000000, 0.000000, 0.000000
1552501829.422405, 0.000000, 0.000000, 0.000000
1552501829.428105, 0.000000, 0.000000, 0.000000
1552501829.433749, 0.000000, 0.000000, 0.000000
1552501829.439473, 0.000000, 0.000000, 0.000000
1552501829.444764, 0.000000, 0.000000, 0.000000
1552501829.450028, 0.000000, 0.000000, 0.000000
1552501829.455731, 0.000000, 0.000000, 0.000000
1552501829.461457, 0.000000, 0.000000, 0.000000
1552501829.466940, 0.000000, 0.000000, 0.000000
1552501829.472650, 0.000000, 0.000000, 0.000000
1552501829.477733, 0.000000, 0.000000, 0.000000
1552501829.482925, 0.000000, 0.000000, 0.000000
1552501829.488148, 0.000000, 0.000000, 0.000000
1552501829.493279, 0.000000, 0.000000, 0.000000
1552501829.498989, 0.000000, 0.000000, 0.000000
1552501829.504688, 0.000000, 0.000000, 0.000000
1552501829.510410, 0.000000, 0.000000, 0.000000
1552501829.515805, 0.000000, 0.000000, 0.000000
1552501829.521288, 0.000000, 0.000000, 0.000000
1552501829.526531, 0.000000, 0.000000, 0.000000
1552501829.532172, 0.000000, 0.000000, 0.000000
1552501829.537923, 0.000000, 0.000000, 0.000000
1552501829.543416, 0.000000, 0.000000, 0.000000
1552501829.551584, 0.000000, 0.000000, 0.000000
1552501829.557335, 0.000000, 0.000000, 0.000000
1552501829.562913, 0.000000, 0.000000, 0.000000
1552501829.568627, 0.000000, 0.000000, 0.000000
1552501829.573832, 0.000000, 0.000000, 0.000000
1552501829.578932, 0.000000, 0.000000, 0.000000
1552501829.584061, 0.000000, 0.000000, 0.000000
1552501829.589351, 0.000000, 0.000000, 0.000000
1552501829.595097, 0.000000, 0.000000, 0.000000
1552501829.600803, 0.000000, 0.000000, 0.000000
1552501829.606425, 0.000000, 0.000000, 0.000000
1552501829.611707, 0.000000, 0.000000, 0.000000
1552501829.616970, 0.000000, 0.000000, 0.000000
1552501829.622716, 0.000000, 0.000000, 0.000000
1552501829.628749, 0.000000, 0.000000, 0.000000
1552501829.634469, 0.000000, 0.000000, 0.000000
1552501829.639637, 0.000000, 0.000000, 0.000000
1552501829.644987, 0.000000, 0.000000, 0.000000
1552501829.650705, 0.000000, 0.000000, 0.000000
1552501829.656453, 0.000000, 0.000000, 0.000000
1552501829.661745, 0.000000, 0.000000, 0.000000
1552501829.667456, 0.000000, 0.000000, 0.000000
1552501829.672916, 0.000000, 0.000000, 0.000000
1552501829.678624, 0.000000, 0.000000, 0.000000
1552501829.684106, 0.000000, 0.000000, 0.000000
1552501829.689743, 0.000000, 0.000000, 0.000000
1552501829.696952, 0.000000, 0.000000, 0.000000
1552501829.702637, 0.000000, 0.000000, 0.000000
1552501829.708355, 0.000000, 0.000000, 0.000000
1552501829.713591, 0.000000, 0.000000, 0.000000
1552501829.718790, 0.000000, 0.000000, 0.000000
1552501829.723953, 0.000000, 0.000000, 0.000000
1552501829.729708, 0.000000, 0.000000, 0.000000
1552501829.734941, 0.000000, 0.000000, 0.000000
1552501829.740345, 0.000000, 0.000000, 0.000000
1552501829.746894, 0.000000, 0.000000, 0.000000
1552501829.752140, 0.000000, 0.000000, 0.000000
1552501829.757871, 0.000000, 0.000000, 0.000000
1552501829.763592, 0.000000, 0.000000, 0.000000
1552501829.769209, 0.000000, 0.000000, 0.000000
1552501829.774359, 0.000000, 0.000000, 0.000000
1552501829.780074, 0.000000, 0.000000, 0.000000
1552501829.785177, 0.000000, 0.000000, 0.000000
1552501829.790360, 0.000000, 0.000000, 0.000000
1552501829.796608, 0.000000, 0.000000, 0.000000
1552501829.802335, 0.000000, 0.000000, 0.000000
1552501829.807434, 0.000000, 0.000000, 0.000000
1552501829.812717, 0.000000, 0.000000, 0.000000
1552501829.818053, 0.000000, 0.000000, 0.000000
1552501829.823697, 0.000000, 0.000000, 0.000000
1552501829.829410, 0.000000, 0.000000, 0.000000
1552501829.834915, 0.000000, 0.000000, 0.000000
1552501829.840374, 0.000000, 0.000000, 0.000000
1552501829.846139, 0.000000, 0.000000, 0.000000
1552501829.851320, 0.000000, 0.000000, 0.000000
1552501829.856694, 0.000000, 0.000000, 0.000000
1552501829.863516, 0.000000, 0.000000, 0.000000
1552501829.869238, 0.000000, 0.000000, 0.000000
1552501829.874884, 0.000000, 0.000000, 0.000000
1552501829.880173, 0.000000, 0.000000, 0.000000
1552501829.885385, 0.000000, 0.000000, 0.000000
1552501829.891111, 0.000000, 0.000000, 0.000000
1552501829.897485, 0.000000, 0.000000, 0.000000
1552501829.903211, 0.000000, 0.000000, 0.000000
1552501829.908724, 0.000000, 0.000000, 0.000000
1552501829.913895, 0.000000, 0.000000, 0.000000
1552501829.919049, 0.000000, 0.000000, 0.000000
1552501829.924803, 0.000000, 0.000000, 0.000000
1552501829.930240, 0.000000, 0.000000, 0.000000
1552501829.935964, 0.000000, 0.000000, 0.000000
1552501829.941655, 0.000000, 0.000000, 0.000000
1552501829.946791, 0.000000, 0.000000, 0.000000
1552501829.952066, 0.000000, 0.000000, 0.000000
1552501829.957796, 0.000000, 0.000000, 0.000000
1552501829.963275, 0.000000, 0.000000, 0.000000
1552501829.968994, 0.000000, 0.000000, 0.000000
1552501829.974708, 0.000000, 0.000000, 0.000000
1552501829.980086, 0.000000, 0.000000, 0.000000
1552501829.985292, 0.000000, 0.000000, 0.000000
1552501829.991013, 0.000000, 0.000000, 0.000000
1552501829.996744, 0.000000, 0.000000, 0.000000
1552501830.001972, 0.000000, 0.000000, 0.000000
1552501830.007125, 0.000000, 0.000000, 0.000000
1552501830.012616, 0.000000, 0.000000, 0.000000
1552501830.017992, 0.000000, 0.000000, 0.000000
1552501830.023687, 0.000000, 0.000000, 0.000000
1552501830.028989, 0.000000, 0.000000, 0.000000
1552501830.034097, 0.000000, 0.000000, 0.000000
1552501830.039806, 0.000000, 0.000000, 0.000000
1552501830.047223, 0.000000, 0.000000, 0.000000
1552501830.054659, 0.000000, 0.000000, 0.000000
1552501830.059965, 0.000000, 0.000000, 0.000000
1552501830.065108, 0.000000, 0.000000, 0.000000
1552501830.070576, 0.000000, 0.000000, 0.000000
1552501830.076169, 0.000000, 0.000000, 0.000000
1552501830.081277, 0.000000, 0.000000, 0.000000
1552501830.086624, 0.000000, 0.000000, 0.000000
1552501830.091830, 0.000000, 0.000000, 0.000000
1552501830.097506, 0.000000, 0.000000, 0.000000
1552501830.103171, 0.000000, 0.000000, 0.000000
1552501830.108535, 0.000000, 0.000000, 0.000000
1552501830.113751, 0.000000, 0.000000, 0.000000
1552501830.119495, 0.000000, 0.000000, 0.000000
1552501830.125214, 0.000000, 0.000000, 0.000000
1552501830.130576, 0.000000, 0.000000, 0.000000
1552501830.136303, 0.000000, 0.000000, 0.000000
1552501830.141398, 0.000000, 0.000000, 0.000000
1552501830.146657, 0.000000, 0.000000, 0.000000
1552501830.151841, 0.000000, 0.000000, 0.000000
1552501830.156953, 0.000000, 0.000000, 0.000000
1552501830.162116, 0.000000, 0.000000, 0.000000
1552501830.167836, 0.000000, 0.000000, 0.000000
1552501830.173536, 0.000000, 0.000000, 0.000000
1552501830.179113, 0.000000, 0.000000, 0.000000
1552501830.187295, 0.000000, 0.000000, 0.000000
1552501830.193034, 0.000000, 0.000000, 0.000000
1552501830.198742, 0.000000, 0.000000, 0.000000
1552501830.204677, 0.000000, 0.000000, 0.000000
1552501830.210421, 0.000000, 0.000000, 0.000000
1552501830.215755, 0.000000, 0.000000, 0.000000
1552501830.221503, 0.000000, 0.000000, 0.000000
1552501830.227228, 0.000000, 0.000000, 0.000000
1552501830.232894, 0.000000, 0.000000, 0.000000
1552501830.238616, 0.000000, 0.000000, 0.000000
1552501830.244322, 0.000000, 0.000000, 0.000000
1552501830.249903, 0.000000, 0.000000, 0.000000
1552501830.256347, 0.000000, 0.000000, 0.000000
1552501830.261599, 0.000000, 0.000000, 0.000000
1552501830.267312, 0.000000, 0.000000, 0.000000
1552501830.272598, 0.000000, 0.000000, 0.000000
1552501830.277701, 0.000000, 0.000000, 0.000000
1552501830.282849, 0.000000, 0.000000, 0.000000
1552501830.287988, 0.000000, 0.000000, 0.000000
1552501830.293700, 0.000000, 0.000000, 0.000000
1552501830.299421, 0.000000, 0.000000, 0.000000
1552501830.304766, 0.000000, 0.000000, 0.000000
1552501830.311237, 0.000000, 0.000000, 0.000000
1552501830.316540, 0.000000, 0.000000, 0.000000
1552501830.322266, 0.000000, 0.000000, 0.000000
1552501830.327973, 0.000000, 0.000000, 0.000000
1552501830.333684, 0.000000, 0.000000, 0.000000
1552501830.339406, 0.000000, 0.000000, 0.000000
1552501830.344962, 0.000000, 0.000000, 0.000000
1552501830.350455, 0.000000, 0.000000, 0.000000
1552501830.355943, 0.000000, 0.000000, 0.000000
1552501830.361647, 0.000000, 0.000000, 0.000000
1552501830.367391, 0.000000, 0.000000, 0.000000
1552501830.373114, 0.000000, 0.000000, 0.000000
1552501830.378239, 0.000000, 0.000000, 0.000000
1552501830.383999, 0.000000, 0.000000, 0.000000
1552501830.389726, 0.000000, 0.000000, 0.000000
1552501830.395434, 0.000000, 0.000000, 0.000000
1552501830.400893, 0.000000, 0.000000, 0.000000
1552501830.406622, 0.000000, 0.000000, 0.000000
1552501830.411984, 0.000000, 0.000000, 0.000000
1552501830.417268, 0.000000, 0.000000, 0.000000
1552501830.422994, 0.000000, 0.000000, 0.000000
1552501830.428713, 0.000000, 0.000000, 0.000000
1552501830.434443, 0.000000, 0.000000, 0.000000
1552501830.440168, 0.000000, 0.000000, 0.000000
1552501830.445451, 0.000000, 0.000000, 0.000000
1552501830.450572, 0.000000, 0.000000, 0.000000
1552501830.456043, 0.000000, 0.000000, 0.000000
1552501830.461751, 0.000000, 0.000000, 0.000000
1552501830.467463, 0.000000, 0.000000, 0.000000
1552501830.473196, 0.000000, 0.000000, 0.000000
1552501830.478637, 0.000000, 0.000000, 0.000000
1552501830.483873, 0.000000, 0.000000, 0.000000
1552501830.489603, 0.000000, 0.000000, 0.000000
1552501830.495031, 0.000000, 0.000000, 0.000000
1552501830.500757, 0.000000, 0.000000, 0.000000
1552501830.506476, 0.000000, 0.000000, 0.000000
1552501830.511885, 0.000000, 0.000000, 0.000000
1552501830.517219, 0.000000, 0.000000, 0.000000
1552501830.522933, 0.000000, 0.000000, 0.000000
1552501830.528048, 0.000000, 0.000000, 0.000000
1552501830.533761, 0.000000, 0.000000, 0.000000
1552501830.539488, 0.000000, 0.000000, 0.000000
1552501830.544831, 0.000000, 0.000000, 0.000000
1552501830.550354, 0.000000, 0.000000, 0.000000
1552501830.555482, 0.000000, 0.000000, 0.000000
1552501830.561211, 0.000000, 0.000000, 0.000000
1552501830.566943, 0.000000, 0.000000, 0.000000
1552501830.572663, 0.000000, 0.000000, 0.000000
1552501830.578118, 0.000000, 0.000000, 0.000000
1552501830.583450, 0.000000, 0.000000, 0.000000
1552501830.588669, 0.000000, 0.000000, 0.000000
1552501830.594277, 0.000000, 0.000000, 0.000000
1552501830.599979, 0.000000, 0.000000, 0.000000
1552501830.605597, 0.000000, 0.000000, 0.000000
1552501830.610993, 0.000000, 0.000000, 0.000000
1552501830.616322, 0.000000, 0.000000, 0.000000
1552501830.621883, 0.000000, 0.000000, 0.000000
1552501830.627588, 0.000000, 0.000000, 0.000000
1552501830.633306, 0.000000, 0.000000, 0.000000
1552501830.639036, 0.000000, 0.000000, 0.000000
1552501830.644320, 0.000000, 0.000000, 0.000000
1552501830.650058, 0.000000, 0.000000, 0.000000
1552501830.655796, 0.000000, 0.000000, 0.000000
1552501830.661513, 0.000000, 0.000000, 0.000000
1552501830.667227, 0.000000, 0.000000, 0.000000
1552501830.672945, 0.000000, 0.000000, 0.000000
1552501830.678456, 0.000000, 0.000000, 0.000000
1552501830.683755, 0.000000, 0.000000, 0.000000
1552501830.689470, 0.000000, 0.000000, 0.000000
1552501830.694705, 0.000000, 0.000000, 0.000000
1552501830.700419, 0.000000, 0.000000, 0.000000
1552501830.706141, 0.000000, 0.000000, 0.000000
1552501830.711342, 0.000000, 0.000000, 0.000000
1552501830.716660, 0.000000, 0.000000, 0.000000
1552501830.722107, 0.000000, 0.000000, 0.000000
1552501830.727828, 0.000000, 0.000000, 0.000000
1552501830.733528, 0.000000, 0.000000, 0.000000
1552501830.738638, 0.000000, 0.000000, 0.000000
1552501830.743897, 0.000000, 0.000000, 0.000000
1552501830.749175, 0.000000, 0.000000, 0.000000
1552501830.754922, 0.000000, 0.000000, 0.000000
1552501830.760639, 0.000000, 0.000000, 0.000000
1552501830.766271, 0.000000, 0.000000, 0.000000
1552501830.771990, 0.000000, 0.000000, 0.000000
1552501830.777593, 0.000000, 0.000000, 0.000000
1552501830.782868, 0.000000, 0.000000, 0.000000
1552501830.788578, 0.000000, 0.000000, 0.000000
1552501830.794227, 0.000000, 0.000000, 0.000000
1552501830.799954, 0.000000, 0.000000, 0.000000
1552501830.805049, 0.000000, 0.000000, 0.000000
1552501830.810759, 0.000000, 0.000000, 0.000000
1552501830.816221, 0.000000, 0.000000, 0.000000
1552501830.821937, 0.000000, 0.000000, 0.000000
1552501830.827670, 0.000000, 0.000000, 0.000000
1552501830.833373, 0.000000, 0.000000, 0.000000
1552501830.839093, 0.000000, 0.000000, 0.000000
1552501830.844706, 0.000000, 0.000000, 0.000000
1552501830.849913, 0.000000, 0.000000, 0.000000
1552501830.855652, 0.000000, 0.000000, 0.000000
1552501830.861717, 0.000000, 0.000000, 0.000000
1552501830.867449, 0.000000, 0.000000, 0.000000
1552501830.873147, 0.000000, 0.000000, 0.000000
1552501830.878335, 0.000000, 0.000000, 0.000000
1552501830.883744, 0.000000, 0.000000, 0.000000
1552501830.889063, 0.000000, 0.000000, 0.000000
1552501830.894425, 0.000000, 0.000000, 0.000000
1552501830.900137, 0.000000, 0.000000, 0.000000
1552501830.906203, 0.000000, 0.000000, 0.000000
1552501830.911316, 0.000000, 0.000000, 0.000000
1552501830.916506, 0.000000, 0.000000, 0.000000
1552501830.922083, 0.000000, 0.000000, 0.000000
1552501830.927858, 0.000000, 0.000000, 0.000000
1552501830.933240, 0.000000, 0.000000, 0.000000
1552501830.938996, 0.000000, 0.000000, 0.000000
1552501830.944112, 0.000000, 0.000000, 0.000000
1552501830.949455, 0.000000, 0.000000, 0.000000
1552501830.954896, 0.000000, 0.000000, 0.000000
1552501830.960623, 0.000000, 0.000000, 0.000000
1552501830.966368, 0.000000, 0.000000, 0.000000
1552501830.972081, 0.000000, 0.000000, 0.000000
1552501830.977532, 0.000000, 0.000000, 0.000000
1552501830.982770, 0.000000, 0.000000, 0.000000
1552501830.988483, 0.000000, 0.000000, 0.000000
1552501830.994086, 0.000000, 0.000000, 0.000000
1552501830.999675, 0.000000, 0.000000, 0.000000
1552501831.004930, 0.000000, 0.000000, 0.000000
1552501831.010646, 0.000000, 0.000000, 0.000000
1552501831.015816, 0.000000, 0.000000, 0.000000
1552501831.021486, 0.000000, 0.000000, 0.000000
1552501831.026897, 0.000000, 0.000000, 0.000000
1552501831.032124, 0.000000, 0.000000, 0.000000
1552501831.037866, 0.000000, 0.000000, 0.000000
1552501831.043594, 0.000000, 0.000000, 0.000000
1552501831.049154, 0.000000, 0.000000, 0.000000
1552501831.056813, 0.000000, 0.000000, 0.000000
1552501831.063040, 0.000000, 0.000000, 0.000000
1552501831.068768, 0.000000, 0.000000, 0.000000
1552501831.074338, 0.000000, 0.000000, 0.000000
1552501831.079465, 0.000000, 0.000000, 0.000000
1552501831.084588, 0.000000, 0.000000, 0.000000
1552501831.090349, 0.000000, 0.000000, 0.000000
1552501831.096084, 0.000000, 0.000000, 0.000000
1552501831.101801, 0.000000, 0.000000, 0.000000
1552501831.107519, 0.000000, 0.000000, 0.000000
1552501831.112743, 0.000000, 0.000000, 0.000000
1552501831.117924, 0.000000, 0.000000, 0.000000
1552501831.123572, 0.000000, 0.000000, 0.000000
1552501831.129151, 0.000000, 0.000000, 0.000000
1552501831.135221, 0.000000, 0.000000, 0.000000
1552501831.140989, 0.000000, 0.000000, 0.000000
1552501831.146467, 0.000000, 0.000000, 0.000000
1552501831.152599, 0.000000, 0.000000, 0.000000
1552501831.157732, 0.000000, 0.000000, 0.000000
1552501831.163244, 0.000000, 0.000000, 0.000000
1552501831.168981, 0.000000, 0.000000, 0.000000
1552501831.174394, 0.000000, 0.000000, 0.000000
1552501831.179698, 0.000000, 0.000000, 0.000000
1552501831.185136, 0.000000, 0.000000, 0.000000
1552501831.190871, 0.000000, 0.000000, 0.000000
1552501831.196192, 0.000000, 0.000000, 0.000000
1552501831.201947, 0.000000, 0.000000, 0.000000
1552501831.207368, 0.000000, 0.000000, 0.000000
1552501831.212658, 0.000000, 0.000000, 0.000000
1552501831.217953, 0.000000, 0.000000, 0.000000
1552501831.223696, 0.000000, 0.000000, 0.000000
1552501831.229031, 0.000000, 0.000000, 0.000000
1552501831.234683, 0.000000, 0.000000, 0.000000
1552501831.240445, 0.000000, 0.000000, 0.000000
1552501831.245682, 0.000000, 0.000000, 0.000000
1552501831.250915, 0.000000, 0.000000, 0.000000
1552501831.257504, 0.000000, 0.000000, 0.000000
1552501831.263076, 0.000000, 0.000000, 0.000000
1552501831.268871, 0.000000, 0.000000, 0.000000
1552501831.274463, 0.000000, 0.000000, 0.000000
1552501831.279919, 0.000000, 0.000000, 0.000000
1552501831.285967, 0.000000, 0.000000, 0.000000
1552501831.291593, 0.000000, 0.000000, 0.000000
1552501831.297291, 0.000000, 0.000000, 0.000000
1552501831.302474, 0.000000, 0.000000, 0.000000
1552501831.308133, 0.000000, 0.000000, 0.000000
1552501831.313443, 0.000000, 0.000000, 0.000000
1552501831.319194, 0.000000, 0.000000, 0.000000
1552501831.324503, 0.000000, 0.000000, 0.000000
1552501831.329635, 0.000000, 0.000000, 0.000000
1552501831.334973, 0.000000, 0.000000, 0.000000
1552501831.340723, 0.000000, 0.000000, 0.000000
1552501831.346375, 0.000000, 0.000000, 0.000000
1552501831.352730, 0.000000, 0.000000, 0.000000
1552501831.357880, 0.000000, 0.000000, 0.000000
1552501831.363448, 0.000000, 0.000000, 0.000000
1552501831.371084, 0.000000, 0.000000, 0.000000
1552501831.376819, 0.000000, 0.000000, 0.000000
1552501831.381925, 0.000000, 0.000000, 0.000000
1552501831.387668, 0.000000, 0.000000, 0.000000
1552501831.393361, 0.000000, 0.000000, 0.000000
1552501831.399097, 0.000000, 0.000000, 0.000000
1552501831.404826, 0.000000, 0.000000, 0.000000
1552501831.410523, 0.000000, 0.000000, 0.000000
1552501831.416260, 0.000000, 0.000000, 0.000000
1552501831.422107, 0.000000, 0.000000, 0.000000
1552501831.427849, 0.000000, 0.000000, 0.000000
1552501831.433581, 0.000000, 0.000000, 0.000000
1552501831.439282, 0.000000, 0.000000, 0.000000
1552501831.445200, 0.000000, 0.000000, 0.000000
1552501831.450374, 0.000000, 0.000000, 0.000000
1552501831.456114, 0.000000, 0.000000, 0.000000
1552501831.461850, 0.000000, 0.000000, 0.000000
1552501831.467579, 0.000000, 0.000000, 0.000000
1552501831.473297, 0.000000, 0.000000, 0.000000
1552501831.478451, 0.000000, 0.000000, 0.000000
1552501831.484101, 0.000000, 0.000000, 0.000000
1552501831.489831, 0.000000, 0.000000, 0.000000
1552501831.495540, 0.000000, 0.000000, 0.000000
1552501831.501265, 0.000000, 0.000000, 0.000000
1552501831.506981, 0.000000, 0.000000, 0.000000
1552501831.513109, 0.000000, 0.000000, 0.000000
1552501831.519076, 0.000000, 0.000000, 0.000000
1552501831.524795, 0.000000, 0.000000, 0.000000
1552501831.530514, 0.000000, 0.000000, 0.000000
1552501831.535908, 0.000000, 0.000000, 0.000000
1552501831.541250, 0.000000, 0.000000, 0.000000
1552501831.546655, 0.000000, 0.000000, 0.000000
1552501831.552218, 0.000000, 0.000000, 0.000000
1552501831.557635, 0.000000, 0.000000, 0.000000
1552501831.563002, 0.000000, 0.000000, 0.000000
1552501831.568629, 0.000000, 0.000000, 0.000000
1552501831.574368, 0.000000, 0.000000, 0.000000
1552501831.580473, 0.000000, 0.000000, 0.000000
1552501831.586398, 0.000000, 0.000000, 0.000000
1552501831.592122, 0.000000, 0.000000, 0.000000
1552501831.597844, 0.000000, 0.000000, 0.000000
1552501831.603452, 0.000000, 0.000000, 0.000000
1552501831.609184, 0.000000, 0.000000, 0.000000
1552501831.614451, 0.000000, 0.000000, 0.000000
1552501831.619806, 0.000000, 0.000000, 0.000000
1552501831.625532, 0.000000, 0.000000, 0.000000
1552501831.631258, 0.000000, 0.000000, 0.000000
1552501831.636991, 0.000000, 0.000000, 0.000000
1552501831.642697, 0.000000, 0.000000, 0.000000
1552501831.648197, 0.000000, 0.000000, 0.000000
1552501831.653321, 0.000000, 0.000000, 0.000000
1552501831.659042, 0.000000, 0.000000, 0.000000
1552501831.664453, 0.000000, 0.000000, 0.000000
1552501831.670168, 0.000000, 0.000000, 0.000000
1552501831.675789, 0.000000, 0.000000, 0.000000
1552501831.681095, 0.000000, 0.000000, 0.000000
1552501831.686303, 0.000000, 0.000000, 0.000000
1552501831.692014, 0.000000, 0.000000, 0.000000
1552501831.697728, 0.000000, 0.000000, 0.000000
1552501831.703465, 0.000000, 0.000000, 0.000000
1552501831.709198, 0.000000, 0.000000, 0.000000
1552501831.714512, 0.000000, 0.000000, 0.000000
1552501831.720175, 0.000000, 0.000000, 0.000000
1552501831.725902, 0.000000, 0.000000, 0.000000
1552501831.731628, 0.000000, 0.000000, 0.000000
1552501831.737245, 0.000000, 0.000000, 0.000000
1552501831.742547, 0.000000, 0.000000, 0.000000
1552501831.747699, 0.000000, 0.000000, 0.000000
1552501831.753423, 0.000000, 0.000000, 0.000000
1552501831.758928, 0.000000, 0.000000, 0.000000
1552501831.764260, 0.000000, 0.000000, 0.000000
1552501831.769404, 0.000000, 0.000000, 0.000000
1552501831.775115, 0.000000, 0.000000, 0.000000
1552501831.780450, 0.000000, 0.000000, 0.000000
1552501831.786105, 0.000000, 0.000000, 0.000000
1552501831.791843, 0.000000, 0.000000, 0.000000
1552501831.797580, 0.000000, 0.000000, 0.000000
1552501831.802661, 0.000000, 0.000000, 0.000000
1552501831.808055, 0.000000, 0.000000, 0.000000
1552501831.813801, 0.000000, 0.000000, 0.000000
1552501831.819605, 0.000000, 0.000000, 0.000000
1552501831.824755, 0.000000, 0.000000, 0.000000
1552501831.830599, 0.000000, 0.000000, 0.000000
1552501831.836346, 0.000000, 0.000000, 0.000000
1552501831.842072, 0.000000, 0.000000, 0.000000
1552501831.847238, 0.000000, 0.000000, 0.000000
1552501831.852437, 0.000000, 0.000000, 0.000000
1552501831.858083, 0.000000, 0.000000, 0.000000
1552501831.863830, 0.000000, 0.000000, 0.000000
1552501831.869554, 0.000000, 0.000000, 0.000000
1552501831.874975, 0.000000, 0.000000, 0.000000
1552501831.880285, 0.000000, 0.000000, 0.000000
1552501831.886785, 0.000000, 0.000000, 0.000000
1552501831.892509, 0.000000, 0.000000, 0.000000
1552501831.898245, 0.000000, 0.000000, 0.000000
1552501831.903939, 0.000000, 0.000000, 0.000000
1552501831.909648, 0.000000, 0.000000, 0.000000
1552501831.915109, 0.000000, 0.000000, 0.000000
1552501831.920832, 0.000000, 0.000000, 0.000000
1552501831.926319, 0.000000, 0.000000, 0.000000
1552501831.931539, 0.000000, 0.000000, 0.000000
1552501831.936692, 0.000000, 0.000000, 0.000000
1552501831.942433, 0.000000, 0.000000, 0.000000
1552501831.947808, 0.000000, 0.000000, 0.000000
1552501831.953600, 0.000000, 0.000000, 0.000000
1552501831.959332, 0.000000, 0.000000, 0.000000
1552501831.965063, 0.000000, 0.000000, 0.000000
1552501831.970793, 0.000000, 0.000000, 0.000000
1552501831.976366, 0.000000, 0.000000, 0.000000
1552501831.982104, 0.000000, 0.000000, 0.000000
1552501831.987844, 0.000000, 0.000000, 0.000000
1552501831.993534, 0.000000, 0.000000, 0.000000
1552501831.998712, 0.000000, 0.000000, 0.000000
1552501832.004416, 0.000000, 0.000000, 0.000000
1552501832.010141, 0.000000, 0.000000, 0.000000
1552501832.015413, 0.000000, 0.000000, 0.000000
1552501832.021111, 0.000000, 0.000000, 0.000000
1552501832.026875, 0.000000, 0.000000, 0.000000
1552501832.032543, 0.000000, 0.000000, 0.000000
1552501832.038267, 0.000000, 0.000000, 0.000000
1552501832.043619, 0.000000, 0.000000, 0.000000
1552501832.049378, 0.000000, 0.000000, 0.000000
1552501832.056301, 0.000000, 0.000000, 0.000000
1552501832.062073, 0.000000, 0.000000, 0.000000
1552501832.067612, 0.000000, 0.000000, 0.000000
1552501832.073347, 0.000000, 0.000000, 0.000000
1552501832.078761, 0.000000, 0.000000, 0.000000
1552501832.084034, 0.000000, 0.000000, 0.000000
1552501832.089146, 0.000000, 0.000000, 0.000000
1552501832.096062, 0.000000, 0.000000, 0.000000
1552501832.101792, 0.000000, 0.000000, 0.000000
1552501832.107521, 0.000000, 0.000000, 0.000000
1552501832.113584, 0.000000, 0.000000, 0.000000
1552501832.119319, 0.000000, 0.000000, 0.000000
1552501832.124578, 0.000000, 0.000000, 0.000000
1552501832.129777, 0.000000, 0.000000, 0.000000
1552501832.135295, 0.000000, 0.000000, 0.000000
1552501832.141054, 0.000000, 0.000000, 0.000000
1552501832.146222, 0.000000, 0.000000, 0.000000
1552501832.152128, 0.000000, 0.000000, 0.000000
1552501832.157790, 0.000000, 0.000000, 0.000000
1552501832.162964, 0.000000, 0.000000, 0.000000
1552501832.168642, 0.000000, 0.000000, 0.000000
1552501832.174288, 0.000000, 0.000000, 0.000000
1552501832.179373, 0.000000, 0.000000, 0.000000
1552501832.184652, 0.000000, 0.000000, 0.000000
1552501832.190394, 0.000000, 0.000000, 0.000000
1552501832.195857, 0.000000, 0.000000, 0.000000
1552501832.201594, 0.000000, 0.000000, 0.000000
1552501832.207264, 0.000000, 0.000000, 0.000000
1552501832.212991, 0.000000, 0.000000, 0.000000
1552501832.218801, 0.000000, 0.000000, 0.000000
1552501832.224518, 0.000000, 0.000000, 0.000000
1552501832.230332, 0.000000, 0.000000, 0.000000
1552501832.235835, 0.000000, 0.000000, 0.000000
1552501832.241559, 0.000000, 0.000000, 0.000000
1552501832.247362, 0.000000, 0.000000, 0.000000
1552501832.253379, 0.000000, 0.000000, 0.000000
1552501832.259133, 0.000000, 0.000000, 0.000000
1552501832.264229, 0.000000, 0.000000, 0.000000
1552501832.269934, 0.000000, 0.000000, 0.000000
1552501832.275651, 0.000000, 0.000000, 0.000000
1552501832.280795, 0.000000, 0.000000, 0.000000
1552501832.285953, 0.000000, 0.000000, 0.000000
1552501832.291667, 0.000000, 0.000000, 0.000000
1552501832.296777, 0.000000, 0.000000, 0.000000
1552501832.302500, 0.000000, 0.000000, 0.000000
1552501832.308148, 0.000000, 0.000000, 0.000000
1552501832.313773, 0.000000, 0.000000, 0.000000
1552501832.319136, 0.000000, 0.000000, 0.000000
1552501832.324864, 0.000000, 0.000000, 0.000000
1552501832.330003, 0.000000, 0.000000, 0.000000
1552501832.335764, 0.000000, 0.000000, 0.000000
1552501832.341314, 0.000000, 0.000000, 0.000000
1552501832.346690, 0.000000, 0.000000, 0.000000
1552501832.351932, 0.000000, 0.000000, 0.000000
1552501832.357657, 0.000000, 0.000000, 0.000000
1552501832.363181, 0.000000, 0.000000, 0.000000
1552501832.368516, 0.000000, 0.000000, 0.000000
1552501832.374021, 0.000000, 0.000000, 0.000000
1552501832.379427, 0.000000, 0.000000, 0.000000
1552501832.384685, 0.000000, 0.000000, 0.000000
1552501832.390563, 0.000000, 0.000000, 0.000000
1552501832.395849, 0.000000, 0.000000, 0.000000
1552501832.401607, 0.000000, 0.000000, 0.000000
1552501832.407326, 0.000000, 0.000000, 0.000000
1552501832.412722, 0.000000, 0.000000, 0.000000
1552501832.418023, 0.000000, 0.000000, 0.000000
1552501832.423748, 0.000000, 0.000000, 0.000000
1552501832.429460, 0.000000, 0.000000, 0.000000
1552501832.434621, 0.000000, 0.000000, 0.000000
1552501832.439921, 0.000000, 0.000000, 0.000000
1552501832.445674, 0.000000, 0.000000, 0.000000
1552501832.450835, 0.000000, 0.000000, 0.000000
1552501832.456567, 0.000000, 0.000000, 0.000000
1552501832.462056, 0.000000, 0.000000, 0.000000
1552501832.467786, 0.000000, 0.000000, 0.000000
1552501832.473272, 0.000000, 0.000000, 0.000000
1552501832.478558, 0.000000, 0.000000, 0.000000
1552501832.485447, 0.000000, 0.000000, 0.000000
1552501832.490899, 0.000000, 0.000000, 0.000000
1552501832.496113, 0.000000, 0.000000, 0.000000
1552501832.501830, 0.000000, 0.000000, 0.000000
1552501832.507189, 0.000000, 0.000000, 0.000000
1552501832.512318, 0.000000, 0.000000, 0.000000
1552501832.518126, 0.000000, 0.000000, 0.000000
1552501832.523857, 0.000000, 0.000000, 0.000000
1552501832.529377, 0.000000, 0.000000, 0.000000
1552501832.535114, 0.000000, 0.000000, 0.000000
1552501832.540852, 0.000000, 0.000000, 0.000000
1552501832.545984, 0.000000, 0.000000, 0.000000
1552501832.551725, 0.000000, 0.000000, 0.000000
1552501832.557452, 0.000000, 0.000000, 0.000000
1552501832.563171, 0.000000, 0.000000, 0.000000
1552501832.568886, 0.000000, 0.000000, 0.000000
1552501832.573987, 0.000000, 0.000000, 0.000000
1552501832.579288, 0.000000, 0.000000, 0.000000
1552501832.585278, 0.000000, 0.000000, 0.000000
1552501832.591018, 0.000000, 0.000000, 0.000000
1552501832.596131, 0.000000, 0.000000, 0.000000
1552501832.601565, 0.000000, 0.000000, 0.000000
1552501832.607286, 0.000000, 0.000000, 0.000000
1552501832.612587, 0.000000, 0.000000, 0.000000
1552501832.618311, 0.000000, 0.000000, 0.000000
1552501832.623952, 0.000000, 0.000000, 0.000000
1552501832.629071, 0.000000, 0.000000, 0.000000
1552501832.634829, 0.000000, 0.000000, 0.000000
1552501832.640054, 0.000000, 0.000000, 0.000000
1552501832.645553, 0.000000, 0.000000, 0.000000
1552501832.651638, 0.000000, 0.000000, 0.000000
1552501832.656747, 0.000000, 0.000000, 0.000000
1552501832.662462, 0.000000, 0.000000, 0.000000
1552501832.668192, 0.000000, 0.000000, 0.000000
1552501832.673677, 0.000000, 0.000000, 0.000000
1552501832.678833, 0.000000, 0.000000, 0.000000
1552501832.684157, 0.000000, 0.000000, 0.000000
1552501832.689880, 0.000000, 0.000000, 0.000000
1552501832.695027, 0.000000, 0.000000, 0.000000
1552501832.700718, 0.000000, 0.000000, 0.000000
1552501832.706432, 0.000000, 0.000000, 0.000000
1552501832.711725, 0.000000, 0.000000, 0.000000
1552501832.717517, 0.000000, 0.000000, 0.000000
1552501832.723239, 0.000000, 0.000000, 0.000000
1552501832.728959, 0.000000, 0.000000, 0.000000
1552501832.734626, 0.000000, 0.000000, 0.000000
1552501832.739986, 0.000000, 0.000000, 0.000000
1552501832.745435, 0.000000, 0.000000, 0.000000
1552501832.751639, 0.000000, 0.000000, 0.000000
1552501832.757371, 0.000000, 0.000000, 0.000000
1552501832.764102, 0.000000, 0.000000, 0.000000
1552501832.769857, 0.000000, 0.000000, 0.000000
1552501832.775027, 0.000000, 0.000000, 0.000000
1552501832.780540, 0.000000, 0.000000, 0.000000
1552501832.788977, 0.000000, 0.000000, 0.000000
1552501832.794841, 0.000000, 0.000000, 0.000000
1552501832.800567, 0.000000, 0.000000, 0.000000
1552501832.806289, 0.000000, 0.000000, 0.000000
1552501832.811860, 0.000000, 0.000000, 0.000000
1552501832.818222, 0.000000, 0.000000, 0.000000
1552501832.823946, 0.000000, 0.000000, 0.000000
1552501832.829680, 0.000000, 0.000000, 0.000000
1552501832.834823, 0.000000, 0.000000, 0.000000
1552501832.839973, 0.000000, 0.000000, 0.000000
1552501832.845169, 0.000000, 0.000000, 0.000000
1552501832.850276, 0.000000, 0.000000, 0.000000
1552501832.857416, 0.000000, 0.000000, 0.000000
1552501832.863134, 0.000000, 0.000000, 0.000000
1552501832.868832, 0.000000, 0.000000, 0.000000
1552501832.874503, 0.000000, 0.000000, 0.000000
1552501832.880555, 0.000000, 0.000000, 0.000000
1552501832.886307, 0.000000, 0.000000, 0.000000
1552501832.892043, 0.000000, 0.000000, 0.000000
1552501832.897779, 0.000000, 0.000000, 0.000000
1552501832.903305, 0.000000, 0.000000, 0.000000
1552501832.908814, 0.000000, 0.000000, 0.000000
1552501832.914567, 0.000000, 0.000000, 0.000000
1552501832.920330, 0.000000, 0.000000, 0.000000
1552501832.927082, 0.000000, 0.000000, 0.000000
1552501832.932825, 0.000000, 0.000000, 0.000000
1552501832.938507, 0.000000, 0.000000, 0.000000
1552501832.943670, 0.000000, 0.000000, 0.000000
1552501832.948991, 0.000000, 0.000000, 0.000000
1552501832.954711, 0.000000, 0.000000, 0.000000
1552501832.960439, 0.000000, 0.000000, 0.000000
1552501832.966031, 0.000000, 0.000000, 0.000000
1552501832.971225, 0.000000, 0.000000, 0.000000
1552501832.976575, 0.000000, 0.000000, 0.000000
1552501832.981889, 0.000000, 0.000000, 0.000000
1552501832.987609, 0.000000, 0.000000, 0.000000
1552501832.993098, 0.000000, 0.000000, 0.000000
1552501832.999456, 0.000000, 0.000000, 0.000000
1552501833.005199, 0.000000, 0.000000, 0.000000
1552501833.010709, 0.000000, 0.000000, 0.000000
1552501833.016443, 0.000000, 0.000000, 0.000000
1552501833.021719, 0.000000, 0.000000, 0.000000
1552501833.027207, 0.000000, 0.000000, 0.000000
1552501833.032920, 0.000000, 0.000000, 0.000000
1552501833.038689, 0.000000, 0.000000, 0.000000
1552501833.044015, 0.000000, 0.000000, 0.000000
1552501833.051271, 0.000000, 0.000000, 0.000000
1552501833.057012, 0.000000, 0.000000, 0.000000
1552501833.062128, 0.000000, 0.000000, 0.000000
1552501833.067838, 0.000000, 0.000000, 0.000000
1552501833.073529, 0.000000, 0.000000, 0.000000
1552501833.078964, 0.000000, 0.000000, 0.000000
1552501833.084693, 0.000000, 0.000000, 0.000000
1552501833.090351, 0.000000, 0.000000, 0.000000
1552501833.096066, 0.000000, 0.000000, 0.000000
1552501833.101830, 0.000000, 0.000000, 0.000000
1552501833.107275, 0.000000, 0.000000, 0.000000
1552501833.113039, 0.000000, 0.000000, 0.000000
1552501833.118398, 0.000000, 0.000000, 0.000000
1552501833.124136, 0.000000, 0.000000, 0.000000
1552501833.129603, 0.000000, 0.000000, 0.000000
1552501833.136771, 0.000000, 0.000000, 0.000000
1552501833.142054, 0.000000, 0.000000, 0.000000
1552501833.147268, 0.000000, 0.000000, 0.000000
1552501833.152988, 0.000000, 0.000000, 0.000000
1552501833.158126, 0.000000, 0.000000, 0.000000
1552501833.163841, 0.000000, 0.000000, 0.000000
1552501833.169584, 0.000000, 0.000000, 0.000000
1552501833.175329, 0.000000, 0.000000, 0.000000
1552501833.180570, 0.000000, 0.000000, 0.000000
1552501833.186393, 0.000000, 0.000000, 0.000000
1552501833.192103, 0.000000, 0.000000, 0.000000
1552501833.197212, 0.000000, 0.000000, 0.000000
1552501833.202914, 0.000000, 0.000000, 0.000000
1552501833.208067, 0.000000, 0.000000, 0.000000
1552501833.213429, 0.000000, 0.000000, 0.000000
1552501833.219313, 0.000000, 0.000000, 0.000000
1552501833.224868, 0.000000, 0.000000, 0.000000
1552501833.230711, 0.000000, 0.000000, 0.000000
1552501833.236094, 0.000000, 0.000000, 0.000000
1552501833.241823, 0.000000, 0.000000, 0.000000
1552501833.247088, 0.000000, 0.000000, 0.000000
1552501833.252985, 0.000000, 0.000000, 0.000000
1552501833.258742, 0.000000, 0.000000, 0.000000
1552501833.264442, 0.000000, 0.000000, 0.000000
1552501833.270156, 0.000000, 0.000000, 0.000000
1552501833.275593, 0.000000, 0.000000, 0.000000
1552501833.280734, 0.000000, 0.000000, 0.000000
1552501833.285845, 0.000000, 0.000000, 0.000000
1552501833.291545, 0.000000, 0.000000, 0.000000
1552501833.296897, 0.000000, 0.000000, 0.000000
1552501833.302592, 0.000000, 0.000000, 0.000000
1552501833.307990, 0.000000, 0.000000, 0.000000
1552501833.313397, 0.000000, 0.000000, 0.000000
1552501833.318757, 0.000000, 0.000000, 0.000000
1552501833.324356, 0.000000, 0.000000, 0.000000
1552501833.330079, 0.000000, 0.000000, 0.000000
1552501833.335731, 0.000000, 0.000000, 0.000000
1552501833.341452, 0.000000, 0.000000, 0.000000
1552501833.346631, 0.000000, 0.000000, 0.000000
1552501833.351779, 0.000000, 0.000000, 0.000000
1552501833.357555, 0.000000, 0.000000, 0.000000
1552501833.362961, 0.000000, 0.000000, 0.000000
1552501833.368627, 0.000000, 0.000000, 0.000000
1552501833.373760, 0.000000, 0.000000, 0.000000
1552501833.378873, 0.000000, 0.000000, 0.000000
1552501833.384619, 0.000000, 0.000000, 0.000000
1552501833.390213, 0.000000, 0.000000, 0.000000
1552501833.395974, 0.000000, 0.000000, 0.000000
1552501833.401674, 0.000000, 0.000000, 0.000000
1552501833.407390, 0.000000, 0.000000, 0.000000
1552501833.412541, 0.000000, 0.000000, 0.000000
1552501833.417700, 0.000000, 0.000000, 0.000000
1552501833.422833, 0.000000, 0.000000, 0.000000
1552501833.428554, 0.000000, 0.000000, 0.000000
1552501833.434274, 0.000000, 0.000000, 0.000000
1552501833.439978, 0.000000, 0.000000, 0.000000
1552501833.445085, 0.000000, 0.000000, 0.000000
1552501833.450860, 0.000000, 0.000000, 0.000000
1552501833.456593, 0.000000, 0.000000, 0.000000
1552501833.462317, 0.000000, 0.000000, 0.000000
1552501833.468041, 0.000000, 0.000000, 0.000000
1552501833.473746, 0.000000, 0.000000, 0.000000
1552501833.479135, 0.000000, 0.000000, 0.000000
1552501833.485555, 0.000000, 0.000000, 0.000000
1552501833.491292, 0.000000, 0.000000, 0.000000
1552501833.497509, 0.000000, 0.000000, 0.000000
1552501833.503247, 0.000000, 0.000000, 0.000000
1552501833.508711, 0.000000, 0.000000, 0.000000
1552501833.514054, 0.000000, 0.000000, 0.000000
1552501833.519741, 0.000000, 0.000000, 0.000000
1552501833.525068, 0.000000, 0.000000, 0.000000
1552501833.530396, 0.000000, 0.000000, 0.000000
1552501833.535751, 0.000000, 0.000000, 0.000000
1552501833.541465, 0.000000, 0.000000, 0.000000
1552501833.546936, 0.000000, 0.000000, 0.000000
1552501833.552969, 0.000000, 0.000000, 0.000000
1552501833.558702, 0.000000, 0.000000, 0.000000
1552501833.564418, 0.000000, 0.000000, 0.000000
1552501833.570142, 0.000000, 0.000000, 0.000000
1552501833.577126, 0.000000, 0.000000, 0.000000
1552501833.582363, 0.000000, 0.000000, 0.000000
1552501833.588097, 0.000000, 0.000000, 0.000000
1552501833.593837, 0.000000, 0.000000, 0.000000
1552501833.599173, 0.000000, 0.000000, 0.000000
1552501833.604896, 0.000000, 0.000000, 0.000000
1552501833.610006, 0.000000, 0.000000, 0.000000
1552501833.615730, 0.000000, 0.000000, 0.000000
1552501833.621459, 0.000000, 0.000000, 0.000000
1552501833.627148, 0.000000, 0.000000, 0.000000
1552501833.632862, 0.000000, 0.000000, 0.000000
1552501833.638578, 0.000000, 0.000000, 0.000000
1552501833.643689, 0.000000, 0.000000, 0.000000
1552501833.648872, 0.000000, 0.000000, 0.000000
1552501833.654637, 0.000000, 0.000000, 0.000000
1552501833.660372, 0.000000, 0.000000, 0.000000
1552501833.665749, 0.000000, 0.000000, 0.000000
1552501833.671469, 0.000000, 0.000000, 0.000000
1552501833.676568, 0.000000, 0.000000, 0.000000
1552501833.681859, 0.000000, 0.000000, 0.000000
1552501833.687578, 0.000000, 0.000000, 0.000000
1552501833.692864, 0.000000, 0.000000, 0.000000
1552501833.698567, 0.000000, 0.000000, 0.000000
1552501833.704288, 0.000000, 0.000000, 0.000000
1552501833.710012, 0.000000, 0.000000, 0.000000
1552501833.715689, 0.000000, 0.000000, 0.000000
1552501833.721261, 0.000000, 0.000000, 0.000000
1552501833.726983, 0.000000, 0.000000, 0.000000
1552501833.732698, 0.000000, 0.000000, 0.000000
1552501833.738368, 0.000000, 0.000000, 0.000000
1552501833.743589, 0.000000, 0.000000, 0.000000
1552501833.748939, 0.000000, 0.000000, 0.000000
1552501833.754638, 0.000000, 0.000000, 0.000000
1552501833.760293, 0.000000, 0.000000, 0.000000
1552501833.765857, 0.000000, 0.000000, 0.000000
1552501833.771570, 0.000000, 0.000000, 0.000000
1552501833.776960, 0.000000, 0.000000, 0.000000
1552501833.782240, 0.000000, 0.000000, 0.000000
1552501833.787913, 0.000000, 0.000000, 0.000000
1552501833.793631, 0.000000, 0.000000, 0.000000
1552501833.799355, 0.000000, 0.000000, 0.000000
1552501833.805007, 0.000000, 0.000000, 0.000000
1552501833.810744, 0.000000, 0.000000, 0.000000
1552501833.816003, 0.000000, 0.000000, 0.000000
1552501833.821723, 0.000000, 0.000000, 0.000000
1552501833.827404, 0.000000, 0.000000, 0.000000
1552501833.832779, 0.000000, 0.000000, 0.000000
1552501833.838512, 0.000000, 0.000000, 0.000000
1552501833.843926, 0.000000, 0.000000, 0.000000
1552501833.849279, 0.000000, 0.000000, 0.000000
1552501833.854494, 0.000000, 0.000000, 0.000000
1552501833.860981, 0.000000, 0.000000, 0.000000
1552501833.866703, 0.000000, 0.000000, 0.000000
1552501833.872421, 0.000000, 0.000000, 0.000000
1552501833.878106, 0.000000, 0.000000, 0.000000
1552501833.883674, 0.000000, 0.000000, 0.000000
1552501833.889418, 0.000000, 0.000000, 0.000000
1552501833.894693, 0.000000, 0.000000, 0.000000
1552501833.900082, 0.000000, 0.000000, 0.000000
1552501833.905670, 0.000000, 0.000000, 0.000000
1552501833.910945, 0.000000, 0.000000, 0.000000
1552501833.916087, 0.000000, 0.000000, 0.000000
1552501833.921818, 0.000000, 0.000000, 0.000000
1552501833.927055, 0.000000, 0.000000, 0.000000
1552501833.932787, 0.000000, 0.000000, 0.000000
1552501833.937927, 0.000000, 0.000000, 0.000000
1552501833.942997, 0.000000, 0.000000, 0.000000
1552501833.948655, 0.000000, 0.000000, 0.000000
1552501833.954420, 0.000000, 0.000000, 0.000000
1552501833.960155, 0.000000, 0.000000, 0.000000
1552501833.965867, 0.000000, 0.000000, 0.000000
1552501833.971642, 0.000000, 0.000000, 0.000000
1552501833.976778, 0.000000, 0.000000, 0.000000
1552501833.982084, 0.000000, 0.000000, 0.000000
1552501833.987813, 0.000000, 0.000000, 0.000000
1552501833.992962, 0.000000, 0.000000, 0.000000
1552501833.998684, 0.000000, 0.000000, 0.000000
1552501834.004248, 0.000000, 0.000000, 0.000000
1552501834.009647, 0.000000, 0.000000, 0.000000
1552501834.015073, 0.000000, 0.000000, 0.000000
1552501834.020797, 0.000000, 0.000000, 0.000000
1552501834.026340, 0.000000, 0.000000, 0.000000
1552501834.031518, 0.000000, 0.000000, 0.000000
1552501834.037239, 0.000000, 0.000000, 0.000000
1552501834.042558, 0.000000, 0.000000, 0.000000
1552501834.047691, 0.000000, 0.000000, 0.000000
1552501834.053095, 0.000000, 0.000000, 0.000000
1552501834.058816, 0.000000, 0.000000, 0.000000
1552501834.064528, 0.000000, 0.000000, 0.000000
1552501834.070279, 0.000000, 0.000000, 0.000000
1552501834.075473, 0.000000, 0.000000, 0.000000
1552501834.081209, 0.000000, 0.000000, 0.000000
1552501834.086856, 0.000000, 0.000000, 0.000000
1552501834.092568, 0.000000, 0.000000, 0.000000
1552501834.097697, 0.000000, 0.000000, 0.000000
1552501834.103415, 0.000000, 0.000000, 0.000000
1552501834.109078, 0.000000, 0.000000, 0.000000
1552501834.114732, 0.000000, 0.000000, 0.000000
1552501834.120483, 0.000000, 0.000000, 0.000000
1552501834.125681, 0.000000, 0.000000, 0.000000
1552501834.130754, 0.000000, 0.000000, 0.000000
1552501834.136028, 0.000000, 0.000000, 0.000000
1552501834.141745, 0.000000, 0.000000, 0.000000
1552501834.146996, 0.000000, 0.000000, 0.000000
1552501834.152719, 0.000000, 0.000000, 0.000000
1552501834.158058, 0.000000, 0.000000, 0.000000
1552501834.163773, 0.000000, 0.000000, 0.000000
1552501834.169484, 0.000000, 0.000000, 0.000000
1552501834.175065, 0.000000, 0.000000, 0.000000
1552501834.181330, 0.000000, 0.000000, 0.000000
1552501834.187064, 0.000000, 0.000000, 0.000000
1552501834.192600, 0.000000, 0.000000, 0.000000
1552501834.198130, 0.000000, 0.000000, 0.000000
1552501834.203775, 0.000000, 0.000000, 0.000000
1552501834.209150, 0.000000, 0.000000, 0.000000
1552501834.214332, 0.000000, 0.000000, 0.000000
1552501834.220119, 0.000000, 0.000000, 0.000000
1552501834.225230, 0.000000, 0.000000, 0.000000
1552501834.231105, 0.000000, 0.000000, 0.000000
1552501834.236886, 0.000000, 0.000000, 0.000000
1552501834.242066, 0.000000, 0.000000, 0.000000
1552501834.247890, 0.000000, 0.000000, 0.000000
1552501834.253986, 0.000000, 0.000000, 0.000000
1552501834.259368, 0.000000, 0.000000, 0.000000
1552501834.265078, 0.000000, 0.000000, 0.000000
1552501834.270788, 0.000000, 0.000000, 0.000000
1552501834.276200, 0.000000, 0.000000, 0.000000
1552501834.281443, 0.000000, 0.000000, 0.000000
1552501834.287161, 0.000000, 0.000000, 0.000000
1552501834.292681, 0.000000, 0.000000, 0.000000
1552501834.297917, 0.000000, 0.000000, 0.000000
1552501834.303686, 0.000000, 0.000000, 0.000000
1552501834.308821, 0.000000, 0.000000, 0.000000
1552501834.314323, 0.000000, 0.000000, 0.000000
1552501834.320012, 0.000000, 0.000000, 0.000000
1552501834.325309, 0.000000, 0.000000, 0.000000
1552501834.331026, 0.000000, 0.000000, 0.000000
1552501834.336205, 0.000000, 0.000000, 0.000000
1552501834.341371, 0.000000, 0.000000, 0.000000
1552501834.347102, 0.000000, 0.000000, 0.000000
1552501834.352308, 0.000000, 0.000000, 0.000000
1552501834.358037, 0.000000, 0.000000, 0.000000
1552501834.363207, 0.000000, 0.000000, 0.000000
1552501834.368939, 0.000000, 0.000000, 0.000000
1552501834.374363, 0.000000, 0.000000, 0.000000
1552501834.379810, 0.000000, 0.000000, 0.000000
1552501834.385534, 0.000000, 0.000000, 0.000000
1552501834.390694, 0.000000, 0.000000, 0.000000
1552501834.395812, 0.000000, 0.000000, 0.000000
1552501834.401522, 0.000000, 0.000000, 0.000000
1552501834.406825, 0.000000, 0.000000, 0.000000
1552501834.412704, 0.000000, 0.000000, 0.000000
1552501834.417870, 0.000000, 0.000000, 0.000000
1552501834.423573, 0.000000, 0.000000, 0.000000
1552501834.429284, 0.000000, 0.000000, 0.000000
1552501834.434988, 0.000000, 0.000000, 0.000000
1552501834.440515, 0.000000, 0.000000, 0.000000
1552501834.445653, 0.000000, 0.000000, 0.000000
1552501834.451951, 0.000000, 0.000000, 0.000000
1552501834.457445, 0.000000, 0.000000, 0.000000
1552501834.462953, 0.000000, 0.000000, 0.000000
1552501834.468685, 0.000000, 0.000000, 0.000000
1552501834.473838, 0.000000, 0.000000, 0.000000
1552501834.478928, 0.000000, 0.000000, 0.000000
1552501834.484702, 0.000000, 0.000000, 0.000000
1552501834.489866, 0.000000, 0.000000, 0.000000
1552501834.495602, 0.000000, 0.000000, 0.000000
1552501834.501313, 0.000000, 0.000000, 0.000000
1552501834.507049, 0.000000, 0.000000, 0.000000
1552501834.512305, 0.000000, 0.000000, 0.000000
1552501834.517637, 0.000000, 0.000000, 0.000000
1552501834.522815, 0.000000, 0.000000, 0.000000
1552501834.528496, 0.000000, 0.000000, 0.000000
1552501834.534216, 0.000000, 0.000000, 0.000000
1552501834.539966, 0.000000, 0.000000, 0.000000
1552501834.545216, 0.000000, 0.000000, 0.000000
1552501834.552718, 0.000000, 0.000000, 0.000000
1552501834.558179, 0.000000, 0.000000, 0.000000
1552501834.563860, 0.000000, 0.000000, 0.000000
1552501834.569569, 0.000000, 0.000000, 0.000000
1552501834.575869, 0.000000, 0.000000, 0.000000
1552501834.581365, 0.000000, 0.000000, 0.000000
1552501834.587119, 0.000000, 0.000000, 0.000000
1552501834.592440, 0.000000, 0.000000, 0.000000
1552501834.598364, 0.000000, 0.000000, 0.000000
1552501834.603630, 0.000000, 0.000000, 0.000000
1552501834.608914, 0.000000, 0.000000, 0.000000
1552501834.614754, 0.000000, 0.000000, 0.000000
1552501834.619999, 0.000000, 0.000000, 0.000000
1552501834.625721, 0.000000, 0.000000, 0.000000
1552501834.631285, 0.000000, 0.000000, 0.000000
1552501834.637027, 0.000000, 0.000000, 0.000000
1552501834.642420, 0.000000, 0.000000, 0.000000
1552501834.647779, 0.000000, 0.000000, 0.000000
1552501834.653503, 0.000000, 0.000000, 0.000000
1552501834.659225, 0.000000, 0.000000, 0.000000
1552501834.664810, 0.000000, 0.000000, 0.000000
1552501834.670531, 0.000000, 0.000000, 0.000000
1552501834.675661, 0.000000, 0.000000, 0.000000
1552501834.680845, 0.000000, 0.000000, 0.000000
1552501834.686500, 0.000000, 0.000000, 0.000000
1552501834.692066, 0.000000, 0.000000, 0.000000
1552501834.697563, 0.000000, 0.000000, 0.000000
1552501834.703130, 0.000000, 0.000000, 0.000000
1552501834.708416, 0.000000, 0.000000, 0.000000
1552501834.713741, 0.000000, 0.000000, 0.000000
1552501834.719456, 0.000000, 0.000000, 0.000000
1552501834.725159, 0.000000, 0.000000, 0.000000
1552501834.730557, 0.000000, 0.000000, 0.000000
1552501834.736061, 0.000000, 0.000000, 0.000000
1552501834.741711, 0.000000, 0.000000, 0.000000
1552501834.747051, 0.000000, 0.000000, 0.000000
1552501834.752783, 0.000000, 0.000000, 0.000000
1552501834.758530, 0.000000, 0.000000, 0.000000
1552501834.764388, 0.000000, 0.000000, 0.000000
1552501834.770115, 0.000000, 0.000000, 0.000000
1552501834.775416, 0.000000, 0.000000, 0.000000
1552501834.780802, 0.000000, 0.000000, 0.000000
1552501834.785959, 0.000000, 0.000000, 0.000000
1552501834.791664, 0.000000, 0.000000, 0.000000
1552501834.797320, 0.000000, 0.000000, 0.000000
1552501834.802637, 0.000000, 0.000000, 0.000000
1552501834.807762, 0.000000, 0.000000, 0.000000
1552501834.812841, 0.000000, 0.000000, 0.000000
1552501834.818255, 0.000000, 0.000000, 0.000000
1552501834.823892, 0.000000, 0.000000, 0.000000
1552501834.829528, 0.000000, 0.000000, 0.000000
1552501834.835250, 0.000000, 0.000000, 0.000000
1552501834.840995, 0.000000, 0.000000, 0.000000
1552501834.846191, 0.000000, 0.000000, 0.000000
1552501834.851920, 0.000000, 0.000000, 0.000000
1552501834.857713, 0.000000, 0.000000, 0.000000
1552501834.863423, 0.000000, 0.000000, 0.000000
1552501834.869154, 0.000000, 0.000000, 0.000000
1552501834.874877, 0.000000, 0.000000, 0.000000
1552501834.880302, 0.000000, 0.000000, 0.000000
1552501834.885601, 0.000000, 0.000000, 0.000000
1552501834.891313, 0.000000, 0.000000, 0.000000
1552501834.896436, 0.000000, 0.000000, 0.000000
1552501834.902158, 0.000000, 0.000000, 0.000000
1552501834.907883, 0.000000, 0.000000, 0.000000
1552501834.913181, 0.000000, 0.000000, 0.000000
1552501834.918904, 0.000000, 0.000000, 0.000000
1552501834.924811, 0.000000, 0.000000, 0.000000
1552501834.931058, 0.000000, 0.000000, 0.000000
1552501834.936354, 0.000000, 0.000000, 0.000000
1552501834.941595, 0.000000, 0.000000, 0.000000
1552501834.947256, 0.000000, 0.000000, 0.000000
1552501834.952521, 0.000000, 0.000000, 0.000000
1552501834.958066, 0.000000, 0.000000, 0.000000
1552501834.963569, 0.000000, 0.000000, 0.000000
1552501834.968678, 0.000000, 0.000000, 0.000000
1552501834.974412, 0.000000, 0.000000, 0.000000
1552501834.979806, 0.000000, 0.000000, 0.000000
1552501834.985529, 0.000000, 0.000000, 0.000000
1552501834.991231, 0.000000, 0.000000, 0.000000
1552501834.996381, 0.000000, 0.000000, 0.000000
1552501835.001907, 0.000000, 0.000000, 0.000000
1552501835.007123, 0.000000, 0.000000, 0.000000
1552501835.012370, 0.000000, 0.000000, 0.000000
1552501835.018269, 0.000000, 0.000000, 0.000000
1552501835.023957, 0.000000, 0.000000, 0.000000
1552501835.029661, 0.000000, 0.000000, 0.000000
1552501835.035139, 0.000000, 0.000000, 0.000000
1552501835.040876, 0.000000, 0.000000, 0.000000
1552501835.046031, 0.000000, 0.000000, 0.000000
1552501835.052686, 0.000000, 0.000000, 0.000000
1552501835.058145, 0.000000, 0.000000, 0.000000
1552501835.063875, 0.000000, 0.000000, 0.000000
1552501835.069612, 0.000000, 0.000000, 0.000000
1552501835.074826, 0.000000, 0.000000, 0.000000
1552501835.080128, 0.000000, 0.000000, 0.000000
1552501835.085334, 0.000000, 0.000000, 0.000000
1552501835.091060, 0.000000, 0.000000, 0.000000
1552501835.096388, 0.000000, 0.000000, 0.000000
1552501835.102097, 0.000000, 0.000000, 0.000000
1552501835.107637, 0.000000, 0.000000, 0.000000
1552501835.113053, 0.000000, 0.000000, 0.000000
1552501835.118782, 0.000000, 0.000000, 0.000000
1552501835.124504, 0.000000, 0.000000, 0.000000
1552501835.130210, 0.000000, 0.000000, 0.000000
1552501835.135945, 0.000000, 0.000000, 0.000000
1552501835.141499, 0.000000, 0.000000, 0.000000
1552501835.146765, 0.000000, 0.000000, 0.000000
1552501835.151959, 0.000000, 0.000000, 0.000000
1552501835.158219, 0.000000, 0.000000, 0.000000
1552501835.163339, 0.000000, 0.000000, 0.000000
1552501835.169070, 0.000000, 0.000000, 0.000000
1552501835.174726, 0.000000, 0.000000, 0.000000
1552501835.180022, 0.000000, 0.000000, 0.000000
1552501835.185671, 0.000000, 0.000000, 0.000000
1552501835.191331, 0.000000, 0.000000, 0.000000
1552501835.196554, 0.000000, 0.000000, 0.000000
1552501835.202242, 0.000000, 0.000000, 0.000000
1552501835.207745, 0.000000, 0.000000, 0.000000
1552501835.213481, 0.000000, 0.000000, 0.000000
1552501835.218632, 0.000000, 0.000000, 0.000000
1552501835.224381, 0.000000, 0.000000, 0.000000
1552501835.230075, 0.000000, 0.000000, 0.000000
1552501835.235243, 0.000000, 0.000000, 0.000000
1552501835.240891, 0.000000, 0.000000, 0.000000
1552501835.246331, 0.000000, 0.000000, 0.000000
1552501835.251710, 0.000000, 0.000000, 0.000000
1552501835.257058, 0.000000, 0.000000, 0.000000
1552501835.262707, 0.000000, 0.000000, 0.000000
1552501835.268415, 0.000000, 0.000000, 0.000000
1552501835.274124, 0.000000, 0.000000, 0.000000
1552501835.279238, 0.000000, 0.000000, 0.000000
1552501835.284961, 0.000000, 0.000000, 0.000000
1552501835.290678, 0.000000, 0.000000, 0.000000
1552501835.296398, 0.000000, 0.000000, 0.000000
1552501835.301696, 0.000000, 0.000000, 0.000000
1552501835.307360, 0.000000, 0.000000, 0.000000
1552501835.312541, 0.000000, 0.000000, 0.000000
1552501835.318409, 0.000000, 0.000000, 0.000000
1552501835.324133, 0.000000, 0.000000, 0.000000
1552501835.329852, 0.000000, 0.000000, 0.000000
1552501835.335271, 0.000000, 0.000000, 0.000000
1552501835.340926, 0.000000, 0.000000, 0.000000
1552501835.346296, 0.000000, 0.000000, 0.000000
1552501835.351774, 0.000000, 0.000000, 0.000000
1552501835.356902, 0.000000, 0.000000, 0.000000
1552501835.362222, 0.000000, 0.000000, 0.000000
1552501835.367480, 0.000000, 0.000000, 0.000000
1552501835.372946, 0.000000, 0.000000, 0.000000
1552501835.378425, 0.000000, 0.000000, 0.000000
1552501835.383849, 0.000000, 0.000000, 0.000000
1552501835.389570, 0.000000, 0.000000, 0.000000
1552501835.394746, 0.000000, 0.000000, 0.000000
1552501835.400469, 0.000000, 0.000000, 0.000000
1552501835.406058, 0.000000, 0.000000, 0.000000
1552501835.411783, 0.000000, 0.000000, 0.000000
1552501835.416932, 0.000000, 0.000000, 0.000000
1552501835.422060, 0.000000, 0.000000, 0.000000
1552501835.427661, 0.000000, 0.000000, 0.000000
1552501835.432836, 0.000000, 0.000000, 0.000000
1552501835.437985, 0.000000, 0.000000, 0.000000
1552501835.443269, 0.000000, 0.000000, 0.000000
1552501835.448514, 0.000000, 0.000000, 0.000000
1552501835.453997, 0.000000, 0.000000, 0.000000
1552501835.459675, 0.000000, 0.000000, 0.000000
1552501835.465339, 0.000000, 0.000000, 0.000000
1552501835.470951, 0.000000, 0.000000, 0.000000
1552501835.476231, 0.000000, 0.000000, 0.000000
1552501835.482039, 0.000000, 0.000000, 0.000000
1552501835.487768, 0.000000, 0.000000, 0.000000
1552501835.493331, 0.000000, 0.000000, 0.000000
1552501835.498791, 0.000000, 0.000000, 0.000000
1552501835.505632, 0.000000, 0.000000, 0.000000
1552501835.511372, 0.000000, 0.000000, 0.000000
1552501835.517036, 0.000000, 0.000000, 0.000000
1552501835.522807, 0.000000, 0.000000, 0.000000
1552501835.528337, 0.000000, 0.000000, 0.000000
1552501835.534074, 0.000000, 0.000000, 0.000000
1552501835.539179, 0.000000, 0.000000, 0.000000
1552501835.544626, 0.000000, 0.000000, 0.000000
1552501835.551504, 0.000000, 0.000000, 0.000000
1552501835.557298, 0.000000, 0.000000, 0.000000
1552501835.563046, 0.000000, 0.000000, 0.000000
1552501835.568646, 0.000000, 0.000000, 0.000000
1552501835.573902, 0.000000, 0.000000, 0.000000
1552501835.579075, 0.000000, 0.000000, 0.000000
1552501835.584572, 0.000000, 0.000000, 0.000000
1552501835.590345, 0.000000, 0.000000, 0.000000
1552501835.596022, 0.000000, 0.000000, 0.000000
1552501835.601740, 0.000000, 0.000000, 0.000000
1552501835.607387, 0.000000, 0.000000, 0.000000
1552501835.612775, 0.000000, 0.000000, 0.000000
1552501835.618512, 0.000000, 0.000000, 0.000000
1552501835.623693, 0.000000, 0.000000, 0.000000
1552501835.629440, 0.000000, 0.000000, 0.000000
1552501835.635184, 0.000000, 0.000000, 0.000000
1552501835.640852, 0.000000, 0.000000, 0.000000
1552501835.646083, 0.000000, 0.000000, 0.000000
1552501835.651790, 0.000000, 0.000000, 0.000000
1552501835.657526, 0.000000, 0.000000, 0.000000
1552501835.663165, 0.000000, 0.000000, 0.000000
1552501835.668392, 0.000000, 0.000000, 0.000000
1552501835.673628, 0.000000, 0.000000, 0.000000
1552501835.678969, 0.000000, 0.000000, 0.000000
1552501835.684413, 0.000000, 0.000000, 0.000000
1552501835.690218, 0.000000, 0.000000, 0.000000
1552501835.695336, 0.000000, 0.000000, 0.000000
1552501835.700900, 0.000000, 0.000000, 0.000000
1552501835.706310, 0.000000, 0.000000, 0.000000
1552501835.711974, 0.000000, 0.000000, 0.000000
1552501835.717273, 0.000000, 0.000000, 0.000000
1552501835.722344, 0.000000, 0.000000, 0.000000
1552501835.728044, 0.000000, 0.000000, 0.000000
1552501835.733739, 0.000000, 0.000000, 0.000000
1552501835.739397, 0.000000, 0.000000, 0.000000
1552501835.744753, 0.000000, 0.000000, 0.000000
1552501835.750347, 0.000000, 0.000000, 0.000000
1552501835.755739, 0.000000, 0.000000, 0.000000
1552501835.761090, 0.000000, 0.000000, 0.000000
1552501835.766814, 0.000000, 0.000000, 0.000000
1552501835.772125, 0.000000, 0.000000, 0.000000
1552501835.777288, 0.000000, 0.000000, 0.000000
1552501835.784322, 0.000000, 0.000000, 0.000000
1552501835.790122, 0.000000, 0.000000, 0.000000
1552501835.795605, 0.000000, 0.000000, 0.000000
1552501835.801323, 0.000000, 0.000000, 0.000000
1552501835.807063, 0.000000, 0.000000, 0.000000
1552501835.812213, 0.000000, 0.000000, 0.000000
1552501835.817931, 0.000000, 0.000000, 0.000000
1552501835.823245, 0.000000, 0.000000, 0.000000
1552501835.828957, 0.000000, 0.000000, 0.000000
1552501835.834504, 0.000000, 0.000000, 0.000000
1552501835.840228, 0.000000, 0.000000, 0.000000
1552501835.845522, 0.000000, 0.000000, 0.000000
1552501835.850826, 0.000000, 0.000000, 0.000000
1552501835.856530, 0.000000, 0.000000, 0.000000
1552501835.862233, 0.000000, 0.000000, 0.000000
1552501835.867712, 0.000000, 0.000000, 0.000000
1552501835.873389, 0.000000, 0.000000, 0.000000
1552501835.878506, 0.000000, 0.000000, 0.000000
1552501835.883704, 0.000000, 0.000000, 0.000000
1552501835.889379, 0.000000, 0.000000, 0.000000
1552501835.894834, 0.000000, 0.000000, 0.000000
