time, palm_pos, vel, avg_vel, avg_vel_schm, avg_acc, avg_acc_schm, avg_still_buff
1550923522.102483, 0.000000, 0.000000, 0.000000, -20.000000, 0.000000, -150.000000, 1.000000
1550923522.108224, 0.000000, 0.000000, 0.000000, -20.000000, 0.000000, -150.000000, 1.000000
1550923522.113826, 0.000000, 0.000000, 0.000000, -20.000000, 0.000000, -150.000000, 1.000000
1550923522.119674, 0.000000, 0.000000, 0.000000, -20.000000, 0.000000, -150.000000, 1.000000
1550923522.125202, 0.000000, 0.000000, 0.000000, -20.000000, 0.000000, -150.000000, 1.000000
1550923522.130645, 0.000000, 0.000000, 0.000000, -20.000000, 0.000000, -150.000000, 1.000000
1550923522.136067, 0.000000, 0.000000, 0.000000, -20.000000, 0.000000, -150.000000, 1.000000
1550923522.141675, 0.000000, 0.000000, 0.000000, -20.000000, 0.000000, -150.000000, 1.000000
1550923522.147138, 0.000000, 0.000000, 0.000000, -20.000000, 0.000000, -150.000000, 1.000000
1550923522.152988, 0.000000, 0.000000, 0.000000, -20.000000, 0.000000, -150.000000, 1.000000
1550923522.158319, 0.000000, 0.000000, 0.000000, -20.000000, 0.000000, -150.000000, 1.000000
1550923522.163812, 0.000000, 0.000000, 0.000000, -20.000000, 0.000000, -150.000000, 1.000000
1550923522.170955, 0.000000, 0.000000, 0.000000, -20.000000, 0.000000, -150.000000, 1.000000
1550923522.176285, 0.000000, 0.000000, 0.000000, -20.000000, 0.000000, -150.000000, 1.000000
1550923522.181562, 0.000000, 0.000000, 0.000000, -20.000000, 0.000000, -150.000000, 1.000000
1550923522.190508, 0.000000, 0.000000, 0.000000, -20.000000, 0.000000, -150.000000, 1.000000
1550923522.197286, 0.000000, 0.000000, 0.000000, -20.000000, 0.000000, -150.000000, 1.000000
1550923522.203886, 0.000000, 0.000000, 0.000000, -20.000000, 0.000000, -150.000000, 1.000000
1550923522.209385, 0.000000, 0.000000, 0.000000, -20.000000, 0.000000, -150.000000, 1.000000
1550923522.215563, 0.000000, 0.000000, 0.000000, -20.000000, 0.000000, -150.000000, 1.000000
1550923522.221184, 0.000000, 0.000000, 0.000000, -20.000000, 0.000000, -150.000000, 1.000000
1550923522.232414, 0.000000, 0.000000, 0.000000, -20.000000, 0.000000, -150.000000, 1.000000
1550923522.241436, 0.000000, 0.000000, 0.000000, -20.000000, 0.000000, -150.000000, 1.000000
1550923522.248176, 0.000000, 0.000000, 0.000000, -20.000000, 0.000000, -150.000000, 1.000000
1550923522.261737, 227.877228, 5.786822, 0.017429, 0.017429, 1.742891, 1.742891, 1.000000
1550923522.267733, 227.951813, 4.362009, 0.031391, 0.031391, 1.396184, 1.396184, 1.000000
1550923522.273069, 228.120041, 7.037116, 0.055663, 0.055663, 2.427244, 2.427244, 1.000000
1550923522.278341, 228.213760, 7.957206, 0.086532, 0.086532, 3.086872, 3.086872, 1.000000
1550923522.283587, 228.213760, 7.957206, 0.123246, 0.123246, 3.671365, 3.671365, 1.000000
1550923522.289615, 228.213760, 7.957206, 0.167859, 0.167859, 4.461342, 4.461342, 1.000000
1550923522.294976, 228.363144, 9.451531, 0.222298, 0.222298, 5.443871, 5.443871, 1.000000
1550923522.300853, 228.363144, 9.451531, 0.292827, 0.292827, 7.052915, 7.052915, 1.000000
1550923522.306321, 228.500610, 10.060415, 0.376733, 0.376733, 8.390624, 8.390624, 1.000000
1550923522.312557, 228.500610, 10.060415, 0.477630, 0.477630, 10.089720, 10.089720, 1.000000
1550923522.318145, 228.620636, 9.944818, 0.594955, 0.594955, 11.732425, 11.732425, 1.000000
1550923522.324746, 228.620636, 9.944818, 0.730467, 0.730467, 13.551228, 13.551228, 1.000000
1550923522.331196, 228.620636, 9.944818, 0.885265, 0.885265, 15.479823, 15.479823, 1.000000
1550923522.336885, 228.751862, 10.209246, 1.060131, 1.060131, 17.486550, 17.486550, 0.900000
1550923522.342669, 228.879013, 10.256786, 1.256455, 1.256455, 19.632423, 19.632423, 0.800000
1550923522.348868, 228.879013, 10.256786, 1.473457, 1.473457, 21.700271, 21.700271, 0.700000
1550923522.354100, 229.141968, 14.195236, 1.711003, 1.711003, 23.754525, 23.754525, 0.600000
1550923522.359351, 229.141968, 14.195236, 1.980479, 1.980479, 26.947639, 26.947639, 0.500000
1550923522.364881, 229.590286, 22.062124, 2.269783, 2.269783, 28.930359, 28.930359, 0.400000
1550923522.370191, 229.590286, 22.062124, 2.602599, 2.602599, 33.281605, 33.281605, 0.300000
1550923522.375757, 229.928635, 24.028131, 2.956020, 2.956020, 35.342152, 35.342152, 0.200000
1550923522.381427, 229.928635, 24.028131, 3.337534, 3.337534, 38.151375, 38.151375, 0.100000
1550923522.387207, 229.928635, 24.028131, 3.742701, 3.742701, 40.516675, 40.516675, 0.000000
1550923522.392446, 230.148438, 21.871346, 4.166398, 4.166398, 42.369717, 42.369717, 0.000000
1550923522.397785, 230.148438, 21.871346, 4.615777, 4.615777, 44.937918, 44.937918, 0.000000
1550923522.403343, 230.284241, 18.032164, 5.079204, 5.079204, 46.342645, 46.342645, 0.000000
1550923522.408539, 230.284241, 18.032164, 5.567201, 5.567201, 48.799783, 48.799783, 0.000000
1550923522.413842, 230.408188, 15.205193, 6.069269, 6.069269, 50.206758, 50.206758, 0.000000
1550923522.419396, 230.408188, 15.205193, 6.591160, 6.591160, 52.189084, 52.189084, 0.000000
1550923522.424943, 230.408188, 15.205193, 7.129386, 7.129386, 53.822620, 53.822620, 0.000000
1550923522.430180, 230.604568, 15.467261, 7.680191, 7.680191, 55.080513, 55.080513, 0.000000
1550923522.435784, 230.604568, 15.467261, 8.240401, 8.240401, 56.021007, 56.021007, 0.000000
1550923522.441023, 230.803192, 15.724645, 8.805159, 8.805159, 56.475799, 56.475799, 0.000000
1550923522.446907, 230.803192, 15.724645, 9.371135, 9.371135, 56.597567, 56.597567, 0.000000
1550923522.452442, 231.062531, 17.635002, 9.933477, 9.933477, 56.234190, 56.234190, 0.000000
1550923522.457644, 231.062531, 17.635002, 10.493958, 10.493958, 56.048159, 56.048159, 0.000000
1550923522.463274, 231.316940, 18.691589, 11.043243, 11.043243, 54.928439, 54.928439, 0.000000
1550923522.468599, 231.316940, 18.691589, 11.581384, 11.581384, 53.814125, 53.814125, 0.000000
1550923522.474500, 231.316940, 18.691589, 12.102457, 12.102457, 52.107342, 52.107342, 0.000000
1550923522.479862, 231.476974, 16.685522, 12.598109, 12.598109, 49.565159, 49.565159, 0.000000
1550923522.485453, 231.476974, 16.685522, 13.072101, 13.072101, 47.399225, 47.399225, 0.000000
1550923522.491277, 231.683380, 16.711786, 13.522305, 13.522305, 45.020352, 45.020352, 0.000000
1550923522.497102, 231.683380, 16.711786, 13.946828, 13.946828, 42.452282, 42.452282, 0.000000
1550923522.502568, 231.917160, 17.537676, 14.346770, 14.346770, 39.994209, 39.994209, 0.000000
1550923522.508579, 231.917160, 17.537676, 14.718818, 14.718818, 37.204850, 37.204850, 0.000000
1550923522.513867, 232.169693, 18.593512, 15.065903, 15.065903, 34.708468, 34.708468, 0.000000
1550923522.519122, 232.169693, 18.593512, 15.385206, 15.385206, 31.930309, 31.930309, 0.000000
1550923522.524439, 232.169693, 18.593512, 15.677696, 15.677696, 29.248970, 29.248970, 0.000000
1550923522.529659, 232.464752, 20.498598, 15.950518, 15.950518, 27.282249, 27.282249, 0.000000
1550923522.535079, 232.464752, 20.498598, 16.200032, 16.200032, 24.951416, 24.951416, 0.000000
1550923522.540892, 232.687866, 19.660601, 16.408214, 16.408214, 20.818139, 20.818139, 0.000000
1550923522.546682, 232.687866, 19.660601, 16.600845, 16.600845, 19.263101, 19.263101, 0.000000
1550923522.552200, 232.874634, 18.104013, 16.762457, 16.762457, 16.161258, 16.161258, 0.000000
1550923522.558062, 232.874634, 18.104013, 16.904161, 16.904161, 14.170336, 14.170336, 0.000000
1550923522.563553, 233.036850, 16.357344, 17.024530, 17.024530, 12.036924, 12.036924, 0.000000
1550923522.568820, 233.036850, 16.357344, 17.129905, 17.129905, 10.537546, 10.537546, 0.000000
1550923522.574382, 233.036850, 16.357344, 17.221365, 17.221365, 9.145934, 9.145934, 0.000000
1550923522.579692, 233.201157, 15.281808, 17.292262, 17.292262, 7.089696, 7.089696, 0.000000
1550923522.584974, 233.201157, 15.281808, 17.351274, 17.351274, 5.901248, 5.901248, 0.000000
1550923522.590362, 233.361008, 14.479052, 17.395044, 17.395044, 4.376994, 4.376994, 0.000000
1550923522.596218, 233.361008, 14.479052, 17.429060, 17.429060, 3.401609, 3.401609, 0.000000
1550923522.601698, 233.500534, 13.362999, 17.450570, 17.450570, 2.150947, 2.150947, 0.000000
1550923522.607213, 233.500534, 13.362999, 17.463881, 17.463881, 1.331156, 1.331156, 0.000000
1550923522.612818, 233.648544, 12.898584, 17.468519, 17.468519, 0.463776, 0.463776, 0.000000
1550923522.619686, 233.648544, 12.898584, 17.465873, 17.465873, -0.264575, -150.000000, 0.000000
1550923522.625165, 233.746063, 11.131924, 17.452487, 17.452487, -1.338635, -150.000000, 0.000000
1550923522.633710, 233.746063, 11.131924, 17.434442, 17.434442, -1.804528, -150.000000, 0.000000
1550923522.642619, 233.746063, 11.131924, 17.399902, 17.399902, -3.453942, -150.000000, 0.000000
1550923522.650582, 233.826935, 9.513379, 17.355397, 17.355397, -4.450516, -150.000000, 0.000000
1550923522.656858, 233.826935, 9.513379, 17.280384, 17.280384, -7.501253, -150.000000, 0.000000
1550923522.663551, 233.874405, 7.126623, 17.188409, 17.188409, -9.197569, -150.000000, 0.000000
1550923522.670240, 233.874405, 7.126623, 17.077318, 17.077318, -11.109100, -150.000000, 0.000000
1550923522.676154, 233.909271, 5.906373, 16.945536, 16.945536, -13.178151, -150.000000, 0.000000
1550923522.686361, 233.934494, 4.534908, 16.795695, 16.795695, -14.984090, -150.000000, 0.000000
1550923522.699788, 233.966537, 3.846407, 16.620221, 16.620221, -17.547431, -150.000000, 0.000000
1550923522.711676, 233.966537, 3.846407, 16.430254, 16.430254, -18.996707, -150.000000, 0.000000
1550923522.722706, 233.966537, 3.846407, 16.212612, 16.212612, -21.764190, -150.000000, 0.000000
1550923522.735393, 234.051529, 3.059119, 15.972675, 15.972675, -23.993706, -150.000000, 0.000000
1550923522.742628, 234.051529, 3.059119, 15.704293, 15.704293, -26.838164, -150.000000, 0.000000
1550923522.752460, 234.086456, 3.041043, 15.407762, 15.407762, -29.653178, -150.000000, 0.000000
1550923522.766744, 234.094101, 2.081811, 15.081053, 15.081053, -32.670905, -150.000000, 0.000000
1550923522.778671, 234.094101, 2.081811, 14.727345, 14.727345, -35.370758, -150.000000, 0.000000
1550923522.790112, 234.099197, 1.753655, 14.347776, 14.347776, -37.956945, -150.000000, 0.000000
1550923522.797073, 234.099197, 1.753655, 13.944218, 13.944218, -40.355747, -150.000000, 0.000000
1550923522.802446, 234.099197, 1.753655, 13.519406, 13.519406, -42.481185, -150.000000, 0.000000
1550923522.808449, 234.163071, 1.792081, 13.069738, 13.069738, -44.966799, -150.000000, 0.000000
1550923522.814336, 234.205948, 2.314425, 12.604510, 12.604510, -46.522788, -150.000000, 0.000000
1550923522.819984, 234.221893, 2.323423, 12.121263, 12.121263, -48.324692, -150.000000, 0.000000
1550923522.825307, 234.221893, 2.323423, 11.625671, 11.625671, -49.559291, -150.000000, 0.000000
1550923522.832740, 234.293732, 3.534501, 11.130347, 11.130347, -49.532354, -150.000000, 0.000000
1550923522.838383, 234.349426, 3.935050, 10.629170, 10.629170, -50.117659, -150.000000, 0.000000
1550923522.844038, 234.349426, 3.935050, 10.127099, 10.127099, -50.207099, -150.000000, 0.000000
1550923522.849460, 234.349426, 3.935050, 9.626925, 9.626925, -50.017484, -150.000000, 0.000000
1550923522.854873, 234.447739, 5.381128, 9.134340, 9.134340, -49.258446, -150.000000, 0.000000
1550923522.860210, 234.447739, 5.381128, 8.651299, 8.651299, -48.304127, -150.000000, 0.000000
1550923522.866069, 234.580719, 7.314379, 8.184163, 8.184163, -46.713599, -150.000000, 0.000000
1550923522.871537, 234.580719, 7.314379, 7.733916, 7.733916, -45.024653, -150.000000, 0.000000
1550923522.876998, 234.678223, 7.529136, 7.304830, 7.304830, -42.908618, -150.000000, 0.000000
1550923522.882375, 234.678223, 7.529136, 6.893567, 6.893567, -41.126274, -150.000000, 0.000000
1550923522.887731, 234.764877, 7.356449, 6.507766, 6.507766, -38.580133, -150.000000, 0.000000
1550923522.893207, 234.764877, 7.356449, 6.152558, 6.152558, -35.520758, -150.000000, 0.000000
1550923522.898635, 234.764877, 7.356449, 5.827143, 5.827143, -32.541522, -150.000000, 0.000000
1550923522.904209, 234.832336, 6.698108, 5.535680, 5.535680, -29.146302, -150.000000, 0.000000
1550923522.910056, 234.873978, 5.517918, 5.272979, 5.272979, -26.270125, -150.000000, 0.000000
1550923522.915539, 234.873978, 5.517918, 5.048380, 5.048380, -22.459900, -150.000000, 0.000000
1550923522.920806, 234.914154, 4.719870, 4.854286, 4.854286, -19.409383, -150.000000, 0.000000
1550923522.926725, 234.914154, 4.719870, 4.692514, 4.692514, -16.177202, -150.000000, 0.000000
1550923522.932057, 234.914154, 4.719870, 4.565225, 4.565225, -12.728928, -150.000000, 0.000000
1550923522.937913, 234.948807, 4.038513, 4.465688, 4.465688, -9.953636, -150.000000, 0.000000
1550923522.943343, 234.948807, 4.038513, 4.396464, 4.396464, -6.922451, -150.000000, 0.000000
1550923522.948956, 234.960114, 2.935788, 4.349461, 4.349461, -4.700310, -150.000000, 0.000000
1550923522.954522, 234.960114, 2.935788, 4.328592, 4.328592, -2.086871, -150.000000, 0.000000
1550923522.960054, 234.971252, 2.216600, 4.325189, 4.325189, -0.340291, -150.000000, 0.000000
1550923522.965287, 234.971252, 2.216600, 4.339317, 4.339317, 1.412765, 1.412765, 0.000000
1550923522.971984, 234.997528, 2.168664, 4.365631, 4.365631, 2.631423, 2.631423, 0.000000
1550923522.977841, 234.997528, 2.168664, 4.405838, 4.405838, 4.020676, 4.020676, 0.000000
1550923522.983227, 235.031891, 2.411178, 4.451692, 4.451692, 4.585368, 4.585368, 0.000000
1550923522.989082, 235.031891, 2.411178, 4.498761, 4.498761, 4.706907, 4.706907, 0.000000
1550923522.994783, 235.068542, 2.613640, 4.549073, 4.549073, 5.031240, 5.031240, 0.000000
1550923523.000650, 235.068542, 2.613640, 4.593984, 4.593984, 4.491101, 4.491101, 0.000000
1550923523.006679, 235.107605, 2.810201, 4.638571, 4.638571, 4.458655, 4.458655, 0.000000
1550923523.012571, 235.107605, 2.810201, 4.672850, 4.672850, 3.427932, 3.427932, 0.000000
1550923523.018124, 235.107605, 2.810201, 4.698666, 4.698666, 2.581572, 2.581572, 0.000000
1550923523.024002, 235.153900, 3.147092, 4.716224, 4.716224, 1.755877, 1.755877, 0.000000
1550923523.029474, 235.153900, 3.147092, 4.721752, 4.721752, 0.552811, 0.552811, 0.000000
1550923523.034859, 235.219299, 3.926185, 4.715198, 4.715198, -0.655403, -150.000000, 0.000000
1550923523.041822, 235.219299, 3.926185, 4.694240, 4.694240, -2.095884, -150.000000, 0.000000
1550923523.047176, 235.219299, 3.926185, 4.661730, 4.661730, -3.250948, -150.000000, 0.000000
1550923523.053517, 235.327072, 5.638010, 4.621279, 4.621279, -4.045160, -150.000000, 0.000000
1550923523.059969, 235.327072, 5.638010, 4.569069, 4.569069, -5.220934, -150.000000, 0.000000
1550923523.065330, 235.486847, 8.243805, 4.517647, 4.517647, -5.142267, -150.000000, 0.000000
1550923523.070654, 235.486847, 8.243805, 4.458806, 4.458806, -5.884032, -150.000000, 0.000000
1550923523.076603, 235.801086, 14.357677, 4.415022, 4.415022, -4.378422, -150.000000, 0.000000
1550923523.082063, 235.801086, 14.357677, 4.370952, 4.370952, -4.406985, -150.000000, 0.000000
1550923523.088020, 236.519714, 29.375620, 4.376762, 4.376762, 0.580949, 0.580949, 0.000000
1550923523.093386, 236.519714, 29.375620, 4.394094, 4.394094, 1.733278, 1.733278, 0.000000
1550923523.099292, 237.393051, 45.380394, 4.478550, 4.478550, 8.445537, 8.445537, 0.000000
1550923523.105199, 237.393051, 45.380394, 4.594220, 4.594220, 11.567052, 11.567052, 0.000000
1550923523.111140, 238.742706, 68.196785, 4.822281, 4.822281, 22.806021, 22.806021, 0.000000
1550923523.117231, 238.742706, 68.196785, 5.105234, 5.105234, 28.295378, 28.295378, 0.000000
1550923523.123550, 240.270706, 88.118050, 5.523679, 5.523679, 41.844514, 41.844514, 0.000000
1550923523.128797, 240.270706, 88.118050, 6.034904, 6.034904, 51.122504, 51.122504, 0.000000
1550923523.134486, 242.190659, 112.267426, 6.732574, 6.732574, 69.766992, 69.766992, 0.000000
1550923523.139862, 242.190659, 112.267426, 7.560695, 7.560695, 82.812066, 82.812066, 0.000000
1550923523.145504, 244.090942, 127.256439, 8.590873, 8.590873, 103.017799, 103.017799, 0.000000
1550923523.151006, 244.090942, 127.256439, 9.793536, 9.793536, 120.266270, 120.266270, 0.000000
1550923523.156342, 245.890350, 134.059067, 11.215316, 11.215316, 142.178070, 142.178070, 0.000000
1550923523.162683, 245.890350, 134.059067, 12.853082, 12.853082, 163.776591, 163.776591, 0.000000
1550923523.168128, 247.302277, 127.186096, 14.702163, 14.702163, 184.908074, 184.908074, 0.000000
1550923523.174025, 247.302277, 127.186096, 16.794400, 16.794400, 209.223694, 209.223694, 0.000000
1550923523.179945, 247.302277, 127.186096, 19.134960, 19.134960, 234.056018, 234.056018, 0.000000
1550923523.197111, 248.683929, 121.906563, 21.709553, 21.709553, 257.459247, 257.459247, 0.000000
1550923523.202684, 248.683929, 121.906563, 24.532909, 24.532909, 282.335620, 282.335620, 0.000000
1550923523.208389, 249.398224, 98.323357, 27.527879, 27.527879, 299.496961, 299.496961, 0.000000
1550923523.214024, 249.833511, 73.959930, 30.673746, 30.673746, 314.586719, 314.586719, 0.000000
1550923523.219281, 249.833511, 73.959930, 34.021092, 34.021092, 334.734587, 334.734587, 0.000000
1550923523.227261, 249.757919, 45.754200, 37.450743, 37.450743, 342.965156, 342.965156, 0.000000
1550923523.233163, 249.757919, 45.754200, 41.009064, 41.009064, 355.832124, 355.832124, 0.000000
1550923523.238496, 249.048431, 9.726796, 44.544987, 44.544987, 353.592274, 353.592274, 0.000000
1550923523.243878, 245.966675, -82.740509, 47.835440, 47.835440, 329.045282, 329.045282, 0.000000
1550923523.249365, 245.966675, -82.740509, 51.092532, 51.092532, 325.709160, 325.709160, 0.000000
1550923523.254619, 240.699020, -205.358780, 53.861551, 53.861551, 276.901948, 276.901948, 0.000000
1550923523.260515, 240.699020, -205.358780, 56.416462, 56.416462, 255.491080, 255.491080, 0.000000
1550923523.266079, 234.281998, -317.635223, 58.305666, 58.305666, 188.920467, 188.920467, 0.000000
1550923523.271597, 234.281998, -317.635223, 59.745571, 59.745571, 143.990468, 143.990468, 0.000000
1550923523.277470, 234.281998, -317.635223, 60.605568, 60.605568, 85.999669, 85.999669, 0.000000
1550923523.283878, 227.237778, -408.313416, 60.490826, 60.490826, -11.474178, -150.000000, 0.000000
1550923523.289731, 227.237778, -408.313416, 59.552736, 59.552736, -93.809024, -150.000000, 0.000000
1550923523.295423, 219.629211, -482.700165, 57.444805, 57.444805, -210.793124, -210.793124, 0.000000
1550923523.301540, 219.629211, -482.700165, 54.274723, 54.274723, -317.008156, -317.008156, 0.000000
1550923523.307571, 212.308685, -523.443542, 49.809069, 49.809069, -446.565409, -446.565409, 0.000000
1550923523.312891, 212.308685, -523.443542, 44.074435, 44.074435, -573.463387, -573.463387, 0.000000
1550923523.318753, 204.676559, -557.847839, 36.885535, 36.885535, -718.890052, -718.890052, 0.000000
1550923523.324164, 204.676559, -557.847839, 28.280528, 28.280528, -860.500607, -860.500607, 0.000000
1550923523.333524, 198.385803, -541.146790, 18.264587, 18.264587, -1001.594117, -1001.594117, 0.000000
1550923523.339201, 198.385803, -541.146790, 6.765177, 6.765177, -1149.940983, -1149.940983, 0.000000
1550923523.345080, 192.901031, -466.427307, -5.983619, -20.000000, -1274.879635, -1274.879635, 0.000000
1550923523.350700, 192.901031, -466.427307, -20.165296, -20.165296, -1418.167701, -1418.167701, 0.000000
1550923523.357233, 190.366638, -410.113525, -35.539956, -35.539956, -1537.465987, -1537.465987, 0.000000
1550923523.362493, 190.366638, -410.113525, -52.166529, -52.166529, -1662.657318, -1662.657318, 0.000000
1550923523.367879, 189.283127, -295.543945, -69.574087, -69.574087, -1740.755802, -1740.755802, 0.000000
1550923523.373365, 189.283127, -295.543945, -87.931813, -87.931813, -1835.772608, -1835.772608, 0.000000
1550923523.378733, 189.242310, -191.935562, -106.747026, -106.747026, -1881.521287, -1881.521287, 0.000000
1550923523.384201, 189.242310, -191.935562, -126.088082, -126.088082, -1934.105643, -1934.105643, 0.000000
1550923523.390134, 190.750168, -80.163498, -145.417069, -145.417069, -1932.898625, -1932.898625, 0.000000
1550923523.395930, 190.750168, -80.163498, -164.760500, -164.760500, -1934.343178, -1934.343178, 0.000000
1550923523.401556, 190.750168, -80.163498, -183.887842, -183.887842, -1912.734115, -1912.734115, 0.000000
1550923523.408382, 195.731476, 90.972885, -201.963318, -201.963318, -1807.547693, -1807.547693, 0.000000
1550923523.413638, 195.731476, 90.972885, -219.286608, -219.286608, -1732.328915, -1732.328915, 0.000000
1550923523.420686, 202.452728, 264.511505, -234.974267, -234.974267, -1568.765979, -1568.765979, 0.000000
1550923523.427047, 202.452728, 264.511505, -249.313283, -249.313283, -1433.901607, -1433.901607, 0.000000
1550923523.432941, 212.062988, 448.101227, -261.396351, -261.396351, -1208.306742, -1208.306742, 0.000000
1550923523.438309, 212.062988, 448.101227, -271.560007, -271.560007, -1016.365582, -1016.365582, 0.000000
1550923523.443791, 222.381851, 582.590820, -279.047392, -279.047392, -748.738558, -748.738558, 0.000000
1550923523.449727, 222.381851, 582.590820, -284.049895, -284.049895, -500.250235, -500.250235, 0.000000
1550923523.455054, 233.105423, 688.281555, -285.969800, -285.969800, -191.990522, -191.990522, 0.000000
1550923523.460485, 233.105423, 688.281555, -284.942957, -284.942957, 102.684249, 102.684249, 0.000000
1550923523.468609, 243.716888, 751.716248, -280.589536, -280.589536, 435.342110, 435.342110, 0.000000
1550923523.474497, 243.716888, 751.716248, -272.953064, -272.953064, 763.647179, 763.647179, 0.000000
1550923523.480377, 243.716888, 751.716248, -261.970989, -261.970989, 1098.207527, 1098.207527, 0.000000
1550923523.485976, 255.172073, 759.158020, -247.592570, -247.592570, 1437.841959, 1437.841959, 0.000000
1550923523.491395, 255.172073, 759.158020, -229.849574, -229.849574, 1774.299517, 1774.299517, 0.000000
1550923523.496802, 255.172073, 759.158020, -208.836333, -208.836333, 2101.324160, 2101.324160, 0.000000
1550923523.502147, 255.172073, 759.158020, -184.610590, -184.610590, 2422.574297, 2422.574297, 0.000000
1550923523.507659, 255.172073, 759.158020, -157.343532, -157.343532, 2726.705801, 2726.705801, 0.000000
1550923523.513041, 255.172073, 759.158020, -127.327334, -127.327334, 3001.619829, 3001.619829, 0.000000
1550923523.518942, 280.778259, 750.745605, -94.762310, -94.762310, 3256.502405, 3256.502405, 0.000000
1550923523.524714, 280.778259, 750.745605, -60.006049, -60.006049, 3475.626004, 3475.626004, 0.000000
1550923523.530619, 283.114410, 551.803528, -23.879251, -23.879251, 3612.679808, 3612.679808, 0.000000
1550923523.536645, 284.138519, 385.500763, 13.515719, 13.515719, 3739.496997, 3739.496997, 0.000000
1550923523.542524, 284.138519, 385.500763, 51.967353, 51.967353, 3845.163403, 3845.163403, 0.000000
1550923523.548021, 284.483002, 258.408020, 91.004726, 91.004726, 3903.737350, 3903.737350, 0.000000
1550923523.554514, 284.483002, 258.408020, 130.173378, 130.173378, 3916.865212, 3916.865212, 0.000000
1550923523.559769, 284.319916, 161.841507, 169.048415, 169.048415, 3887.503634, 3887.503634, 0.000000
1550923523.565652, 284.319916, 161.841507, 207.118130, 207.118130, 3806.971546, 3806.971546, 0.000000
1550923523.575833, 284.319916, 161.841507, 243.917639, 243.917639, 3679.950902, 3679.950902, 0.000000
1550923523.581505, 284.068573, 97.207573, 279.094216, 279.094216, 3517.657685, 3517.657685, 0.000000
1550923523.586789, 284.068573, 97.207573, 312.169893, 312.169893, 3307.567685, 3307.567685, 0.000000
1550923523.592789, 281.992188, 1.990375, 342.718281, 342.718281, 3054.838842, 3054.838842, 0.000000
1550923523.598208, 281.992188, 1.990375, 370.475965, 370.475965, 2775.768387, 2775.768387, 0.000000
1550923523.603884, 277.096497, -141.401306, 394.845718, 394.845718, 2436.975283, 2436.975283, 0.000000
1550923523.609384, 277.096497, -141.401306, 415.884560, 415.884560, 2103.884211, 2103.884211, 0.000000
1550923523.614657, 270.164185, -290.912140, 433.032886, 433.032886, 1714.832628, 1714.832628, 0.000000
1550923523.620288, 270.164185, -290.912140, 446.466238, 446.466238, 1343.335204, 1343.335204, 0.000000
1550923523.625611, 261.977661, -425.123383, 455.596346, 455.596346, 913.010804, 913.010804, 0.000000
1550923523.631123, 261.977661, -425.123383, 460.785670, 460.785670, 518.932339, 518.932339, 0.000000
1550923523.636439, 252.744049, -540.363098, 461.405052, 461.405052, 61.938273, 61.938273, 0.000000
1550923523.642068, 252.744049, -540.363098, 458.008157, 458.008157, -339.689571, -339.689571, 0.000000
1550923523.647754, 252.744049, -540.363098, 450.448486, 450.448486, -755.967096, -755.967096, 0.000000
1550923523.653602, 242.821213, -635.337830, 438.690233, 438.690233, -1175.825249, -1175.825249, 0.000000
1550923523.659081, 242.821213, -635.337830, 422.789448, 422.789448, -1590.078506, -1590.078506, 0.000000
1550923523.664849, 233.145706, -688.854004, 403.077610, 403.077610, -1971.183839, -1971.183839, 0.000000
1550923523.670580, 233.145706, -688.854004, 379.589022, 379.589022, -2348.858770, -2348.858770, 0.000000
1550923523.676211, 222.931000, -738.481689, 352.705950, 352.705950, -2688.307214, -2688.307214, 0.000000
1550923523.682132, 222.931000, -738.481689, 322.491231, 322.491231, -3021.471903, -3021.471903, 0.000000
1550923523.693122, 213.054916, -761.001770, 289.489868, 289.489868, -3300.136274, -3300.136274, 0.000000
1550923523.702265, 213.054916, -761.001770, 254.087282, 254.087282, -3540.258586, -3540.258586, 0.000000
1550923523.708956, 213.054916, -761.001770, 216.097539, 216.097539, -3798.974303, -3798.974303, 0.000000
1550923523.714826, 213.054916, -761.001770, 176.375184, 176.375184, -3972.235507, -3972.235507, 0.000000
1550923523.720111, 201.035629, -701.496887, 134.919665, 134.919665, -4145.551886, -4145.551886, 0.000000
1550923523.726624, 189.552872, -672.843506, 92.495753, 92.495753, -4242.391211, -4242.391211, 0.000000
1550923523.732277, 189.552872, -672.843506, 48.845362, 48.845362, -4365.039133, -4365.039133, 0.000000
1550923523.737745, 189.552872, -672.843506, 4.848503, 4.848503, -4399.685863, -4399.685863, 0.000000
1550923523.743202, 182.586914, -585.189026, -39.307115, -39.307115, -4415.561790, -4415.561790, 0.000000
1550923523.748690, 180.037964, -493.518768, -82.881958, -82.881958, -4357.484307, -4357.484307, 0.000000
1550923523.754547, 180.037964, -493.518768, -126.142573, -126.142573, -4326.061527, -4326.061527, 0.000000
1550923523.760417, 180.037964, -493.518768, -168.455189, -168.455189, -4231.261617, -4231.261617, 0.000000
1550923523.765964, 179.099808, -344.069489, -209.269858, -209.269858, -4081.466927, -4081.466927, 0.000000
1550923523.771345, 179.099808, -344.069489, -248.562837, -248.562837, -3929.297894, -3929.297894, 0.000000
1550923523.777218, 179.099808, -344.069489, -286.055079, -286.055079, -3749.224153, -3749.224153, 0.000000
1550923523.783118, 179.466339, -187.807480, -321.049922, -321.049922, -3499.484346, -3499.484346, 0.000000
1550923523.788987, 182.123550, -55.308998, -353.360521, -353.360521, -3231.059902, -3231.059902, 0.000000
1550923523.794482, 182.123550, -55.308998, -383.146382, -383.146382, -2978.586046, -2978.586046, 0.000000
1550923523.800371, 190.255493, 199.031616, -409.424534, -409.424534, -2627.815262, -2627.815262, 0.000000
1550923523.806288, 190.255493, 199.031616, -432.752830, -432.752830, -2332.829595, -2332.829595, 0.000000
1550923523.811765, 199.818039, 404.544556, -452.316412, -452.316412, -1956.358152, -1956.358152, 0.000000
1550923523.817040, 199.818039, 404.544556, -468.534164, -468.534164, -1621.775250, -1621.775250, 0.000000
1550923523.823317, 210.301941, 563.517334, -480.801976, -480.801976, -1226.781203, -1226.781203, 0.000000
1550923523.831684, 210.301941, 563.517334, -488.854880, -488.854880, -805.290349, -805.290349, 0.000000
1550923523.838283, 221.259872, 679.795837, -492.281200, -492.281200, -342.632028, -342.632028, 0.000000
1550923523.843993, 232.075439, 750.713501, -491.580373, -491.580373, 70.082695, 70.082695, 0.000000
1550923523.849791, 232.075439, 750.713501, -486.464730, -486.464730, 511.564330, 511.564330, 0.000000
1550923523.856198, 232.075439, 750.713501, -477.236578, -477.236578, 922.815171, 922.815171, 0.000000
1550923523.864294, 242.105423, 773.657898, -463.509290, -463.509290, 1372.728801, 1372.728801, 0.000000
1550923523.869658, 251.156174, 759.098389, -445.667053, -445.667053, 1784.223714, 1784.223714, 0.000000
1550923523.875016, 251.156174, 759.098389, -423.842248, -423.842248, 2182.480481, 2182.480481, 0.000000
1550923523.880929, 251.156174, 759.098389, -397.943883, -397.943883, 2589.836504, 2589.836504, 0.000000
1550923523.886307, 259.702209, 737.255554, -368.436472, -368.436472, 2950.741124, 2950.741124, 0.000000
1550923523.891819, 259.702209, 737.255554, -335.221432, -335.221432, 3321.503983, 3321.503983, 0.000000
1550923523.897957, 265.242401, 635.980347, -299.190245, -299.190245, 3603.118703, 3603.118703, 0.000000
1550923523.903661, 265.242401, 635.980347, -259.951006, -259.951006, 3923.923889, 3923.923889, 0.000000
1550923523.909408, 270.178772, 523.517029, -218.658831, -218.658831, 4129.217487, 4129.217487, 0.000000
1550923523.915013, 270.178772, 523.517029, -174.943290, -174.943290, 4371.554184, 4371.554184, 0.000000
1550923523.920867, 272.440826, 427.015015, -129.990992, -129.990992, 4495.229757, 4495.229757, 0.000000
1550923523.926829, 272.440826, 427.015015, -83.572513, -83.572513, 4641.847904, 4641.847904, 0.000000
1550923523.933289, 273.654938, 310.131897, -36.921579, -36.921579, 4665.093402, 4665.093402, 0.000000
1550923523.939374, 273.654938, 310.131897, 10.173555, 10.173555, 4709.513343, 4709.513343, 0.000000
1550923523.944850, 274.011780, 208.500351, 56.570554, 56.570554, 4639.699898, 4639.699898, 0.000000
1550923523.950362, 274.011780, 208.500351, 102.078313, 102.078313, 4550.775965, 4550.775965, 0.000000
1550923523.955702, 274.011780, 208.500351, 146.499328, 146.499328, 4442.101442, 4442.101442, 0.000000
1550923523.961028, 273.728516, 127.508423, 188.856123, 188.856123, 4235.679498, 4235.679498, 0.000000
1550923523.966508, 273.728516, 127.508423, 229.132268, 229.132268, 4027.614535, 4027.614535, 0.000000
1550923523.971731, 271.498138, 16.097368, 266.442420, 266.442420, 3731.015185, 3731.015185, 0.000000
1550923523.977466, 271.498138, 16.097368, 300.917356, 300.917356, 3447.493580, 3447.493580, 0.000000
1550923523.983091, 267.032135, -117.475418, 331.691323, 331.691323, 3077.396753, 3077.396753, 0.000000
1550923523.988602, 267.032135, -117.475418, 358.958797, 358.958797, 2726.747417, 2726.747417, 0.000000
1550923523.993937, 261.551270, -242.486450, 382.042721, 382.042721, 2308.392398, 2308.392398, 0.000000
1550923523.999540, 261.551270, -242.486450, 401.131588, 401.131588, 1908.886639, 1908.886639, 0.000000
1550923524.004889, 254.061539, -372.126038, 415.694768, 415.694768, 1456.318038, 1456.318038, 0.000000
1550923524.010186, 254.061539, -372.126038, 425.844297, 425.844297, 1014.952941, 1014.952941, 0.000000
1550923524.015778, 246.041763, -470.904541, 431.330072, 431.330072, 548.577501, 548.577501, 0.000000
1550923524.021630, 246.041763, -470.904541, 432.499439, 432.499439, 116.936680, 116.936680, 0.000000
1550923524.027085, 246.041763, -470.904541, 429.415140, 429.415140, -308.429884, -308.429884, 0.000000
1550923524.032955, 237.720016, -546.092712, 421.692413, 421.692413, -772.272701, -772.272701, 0.000000
1550923524.038401, 237.720016, -546.092712, 409.683191, 409.683191, -1200.922232, -1200.922232, 0.000000
1550923524.043694, 228.608307, -615.184875, 393.635146, 393.635146, -1604.804515, -1604.804515, 0.000000
1550923524.049180, 228.608307, -615.184875, 373.989072, 373.989072, -1964.607347, -1964.607347, 0.000000
1550923524.054673, 219.293961, -664.991394, 350.405571, 350.405571, -2358.350114, -2358.350114, 0.000000
1550923524.060073, 219.293961, -664.991394, 323.771876, 323.771876, -2663.369509, -2663.369509, 0.000000
1550923524.065706, 210.384201, -687.331299, 294.350786, 294.350786, -2942.109053, -2942.109053, 0.000000
1550923524.072111, 210.384201, -687.331299, 262.088289, 262.088289, -3226.249648, -3226.249648, 0.000000
1550923524.077708, 201.997940, -684.064331, 227.409791, 227.409791, -3467.849821, -3467.849821, 0.000000
1550923524.083554, 201.997940, -684.064331, 191.063342, 191.063342, -3634.644934, -3634.644934, 0.000000
1550923524.089052, 194.260117, -666.000305, 152.687856, 152.687856, -3837.548562, -3837.548562, 0.000000
1550923524.094720, 194.260117, -666.000305, 113.333448, 113.333448, -3935.440776, -3935.440776, 0.000000
1550923524.099952, 194.260117, -666.000305, 72.709078, 72.709078, -4062.436986, -4062.436986, 0.000000
1550923524.105974, 187.710968, -618.001404, 31.887610, 31.887610, -4082.146893, -4082.146893, 0.000000
1550923524.111852, 187.710968, -618.001404, -9.455129, -20.000000, -4134.273841, -4134.273841, 0.000000
1550923524.117383, 182.765015, -541.994690, -50.327367, -50.327367, -4087.223842, -4087.223842, 0.000000
1550923524.123029, 182.765015, -541.994690, -91.033837, -91.033837, -4070.646992, -4070.646992, 0.000000
1550923524.128321, 180.370682, -418.074371, -130.814603, -130.814603, -3978.076558, -3978.076558, 0.000000
1550923524.134174, 180.370682, -418.074371, -169.584231, -169.584231, -3876.962817, -3876.962817, 0.000000
1550923524.139718, 179.999481, -280.320007, -206.681761, -206.681761, -3709.753042, -3709.753042, 0.000000
1550923524.145564, 179.999481, -280.320007, -242.349388, -242.349388, -3566.762620, -3566.762620, 0.000000
1550923524.151411, 179.999481, -280.320007, -276.284507, -276.284507, -3393.511968, -3393.511968, 0.000000
1550923524.156945, 180.681412, -161.472382, -307.878180, -307.878180, -3159.367301, -3159.367301, 0.000000
1550923524.162878, 180.681412, -161.472382, -337.337890, -337.337890, -2945.971014, -2945.971014, 0.000000
1550923524.168785, 185.209503, 26.675632, -363.851908, -363.851908, -2651.401762, -2651.401762, 0.000000
1550923524.174147, 185.209503, 26.675632, -387.881463, -387.881463, -2402.955452, -2402.955452, 0.000000
1550923524.179784, 193.397644, 253.316574, -408.267379, -408.267379, -2038.591631, -2038.591631, 0.000000
1550923524.185494, 193.397644, 253.316574, -425.822611, -425.822611, -1755.523189, -1755.523189, 0.000000
1550923524.196562, 193.397644, 253.316574, -440.032072, -440.032072, -1420.946119, -1420.946119, 0.000000
1550923524.202593, 193.397644, 253.316574, -451.091438, -451.091438, -1105.936614, -1105.936614, 0.000000
1550923524.208494, 203.094299, 444.076538, -458.030476, -458.030476, -693.903772, -693.903772, 0.000000
1550923524.213930, 217.016006, 598.853394, -461.155667, -461.155667, -312.519149, -312.519149, 0.000000
1550923524.219887, 223.315765, 675.975708, -460.245548, -460.245548, 91.011916, 91.011916, 0.000000
1550923524.228707, 223.315765, 675.975708, -455.788144, -455.788144, 445.740436, 445.740436, 0.000000
1550923524.234164, 236.272751, 809.081848, -447.013015, -447.013015, 877.512832, 877.512832, 0.000000
1550923524.239550, 236.272751, 809.081848, -434.589527, -434.589527, 1242.348871, 1242.348871, 0.000000
1550923524.245486, 249.131088, 870.861084, -418.334960, -418.334960, 1625.456700, 1625.456700, 0.000000
1550923524.250873, 249.131088, 870.861084, -398.234320, -398.234320, 2010.063993, 2010.063993, 0.000000
1550923524.256191, 258.370453, 850.433350, -374.674745, -374.674745, 2355.957447, 2355.957447, 0.000000
1550923524.262175, 258.370453, 850.433350, -347.385711, -347.385711, 2728.903477, 2728.903477, 0.000000
1550923524.268049, 267.001862, 796.396851, -317.034800, -317.034800, 3035.091036, 3035.091036, 0.000000
1550923524.273520, 267.001862, 796.396851, -283.267916, -283.267916, 3376.688385, 3376.688385, 0.000000
1550923524.279037, 273.634521, 707.677368, -247.003632, -247.003632, 3626.428475, 3626.428475, 0.000000
1550923524.284542, 273.634521, 707.677368, -207.887570, -207.887570, 3911.606208, 3911.606208, 0.000000
1550923524.290182, 278.119385, 585.387634, -166.989331, -166.989331, 4089.823857, 4089.823857, 0.000000
1550923524.295991, 278.119385, 585.387634, -123.909249, -123.909249, 4308.008166, 4308.008166, 0.000000
1550923524.301573, 280.387329, 440.599274, -79.861274, -79.861274, 4404.797583, 4404.797583, 0.000000
1550923524.306990, 280.387329, 440.599274, -34.528906, -34.528906, 4533.236780, 4533.236780, 0.000000
1550923524.312433, 281.250977, 311.170074, 10.960743, 10.960743, 4548.964878, 4548.964878, 0.000000
1550923524.317677, 281.250977, 311.170074, 56.530270, 56.530270, 4556.952674, 4556.952674, 0.000000
1550923524.323218, 281.250977, 311.170074, 101.929879, 101.929879, 4539.960955, 4539.960955, 0.000000
1550923524.328792, 281.381042, 204.376053, 146.152424, 146.152424, 4422.254512, 4422.254512, 0.000000
1550923524.334142, 281.381042, 204.376053, 189.277227, 189.277227, 4312.480251, 4312.480251, 0.000000
1550923524.339474, 281.381042, 204.376053, 230.661886, 230.661886, 4138.465920, 4138.465920, 0.000000
1550923524.345010, 281.095428, 123.125175, 269.813022, 269.813022, 3915.113593, 3915.113593, 0.000000
1550923524.350770, 278.920898, 16.311325, 306.135593, 306.135593, 3632.257102, 3632.257102, 0.000000
1550923524.356753, 278.920898, 16.311325, 339.668127, 339.668127, 3353.253367, 3353.253367, 0.000000
1550923524.362489, 273.392273, -149.633392, 369.528008, 369.528008, 2985.988148, 2985.988148, 0.000000
1550923524.367820, 273.392273, -149.633392, 395.917652, 395.917652, 2638.964387, 2638.964387, 0.000000
1550923524.373159, 266.165009, -305.184296, 418.123650, 418.123650, 2220.599779, 2220.599779, 0.000000
1550923524.378412, 266.165009, -305.184296, 436.341605, 436.341605, 1821.795467, 1821.795467, 0.000000
1550923524.383734, 258.544495, -417.370789, 450.447360, 450.447360, 1410.575521, 1410.575521, 0.000000
1550923524.389592, 258.544495, -417.370789, 459.991972, 459.991972, 954.461205, 954.461205, 0.000000
1550923524.395129, 258.544495, -417.370789, 465.104244, 465.104244, 511.227223, 511.227223, 0.000000
1550923524.400628, 250.292511, -507.391205, 465.911849, 465.911849, 80.760444, 80.760444, 0.000000
1550923524.406013, 250.292511, -507.391205, 461.957722, 461.957722, -395.412671, -395.412671, 0.000000
1550923524.412173, 241.321045, -583.619873, 453.601616, 453.601616, -835.610630, -835.610630, 0.000000
1550923524.417703, 241.321045, -583.619873, 440.816449, 440.816449, -1278.516646, -1278.516646, 0.000000
1550923524.423043, 231.764343, -655.838379, 423.912601, 423.912601, -1690.384816, -1690.384816, 0.000000
1550923524.429022, 231.764343, -655.838379, 402.881542, 402.881542, -2103.105864, -2103.105864, 0.000000
1550923524.434395, 222.189102, -698.742310, 378.228860, 378.228860, -2465.268251, -2465.268251, 0.000000
1550923524.440156, 222.189102, -698.742310, 350.354890, 350.354890, -2787.397019, -2787.397019, 0.000000
1550923524.445809, 213.146454, -711.680420, 319.163732, 319.163732, -3119.115794, -3119.115794, 0.000000
1550923524.451551, 213.146454, -711.680420, 285.382464, 285.382464, -3378.126779, -3378.126779, 0.000000
1550923524.457345, 213.146454, -711.680420, 248.788529, 248.788529, -3659.393447, -3659.393447, 0.000000
1550923524.464472, 213.146454, -711.680420, 210.302760, 210.302760, -3848.576924, -3848.576924, 0.000000
1550923524.470072, 213.146454, -711.680420, 169.595578, 169.595578, -4070.718257, -4070.718257, 0.000000
1550923524.475895, 195.650146, -711.367859, 127.696514, 127.696514, -4189.906307, -4189.906307, 0.000000
1550923524.481169, 195.650146, -711.367859, 84.970220, 84.970220, -4272.629417, -4272.629417, 0.000000
1550923524.487378, 195.650146, -711.367859, 41.795882, 41.795882, -4317.433861, -4317.433861, 0.000000
1550923524.493044, 190.552490, -580.653564, -1.647913, -20.000000, -4344.379502, -4344.379502, 0.000000
1550923524.498899, 190.552490, -580.653564, -45.316132, -45.316132, -4366.821825, -4366.821825, 0.000000
1550923524.504285, 187.980698, -469.235229, -88.327385, -88.327385, -4301.125365, -4301.125365, 0.000000
1550923524.509776, 187.126846, -326.945282, -130.048691, -130.048691, -4172.130579, -4172.130579, 0.000000
1550923524.515159, 187.126846, -326.945282, -170.998722, -170.998722, -4095.003099, -4095.003099, 0.000000
1550923524.520473, 187.126846, -326.945282, -210.483802, -210.483802, -3948.507956, -3948.507956, 0.000000
1550923524.526769, 187.267960, -206.948441, -248.068606, -248.068606, -3758.480430, -3758.480430, 0.000000
1550923524.532686, 187.267960, -206.948441, -283.688501, -283.688501, -3561.989538, -3561.989538, 0.000000
1550923524.538545, 190.122864, -50.951389, -316.584454, -316.584454, -3289.595296, -3289.595296, 0.000000
1550923524.544097, 190.122864, -50.951389, -347.070998, -347.070998, -3048.654413, -3048.654413, 0.000000
1550923524.550010, 190.122864, -50.951389, -374.778272, -374.778272, -2770.727409, -2770.727409, 0.000000
1550923524.555392, 190.122864, -50.951389, -399.697145, -399.697145, -2491.887306, -2491.887306, 0.000000
1550923524.561378, 208.871658, 424.317963, -419.990262, -419.990262, -2029.311651, -2029.311651, 0.000000
1550923524.566712, 208.871658, 424.317963, -437.185250, -437.185250, -1719.498823, -1719.498823, 0.000000
1550923524.572162, 217.074524, 510.056702, -450.450562, -450.450562, -1326.531142, -1326.531142, 0.000000
1550923524.577621, 217.074524, 510.056702, -460.232301, -460.232301, -978.173958, -978.173958, 0.000000
1550923524.583499, 226.582214, 603.951172, -465.655590, -465.655590, -542.328893, -542.328893, 0.000000
1550923524.588904, 226.582214, 603.951172, -467.309023, -467.309023, -165.343305, -165.343305, 0.000000
1550923524.594343, 236.615280, 678.569885, -464.477933, -464.477933, 283.109033, 283.109033, 0.000000
1550923524.601181, 236.615280, 678.569885, -457.711221, -457.711221, 676.671227, 676.671227, 0.000000
1550923524.606536, 245.903610, 706.387329, -446.913451, -446.913451, 1079.776943, 1079.776943, 0.000000
1550923524.613633, 245.903610, 706.387329, -431.880773, -431.880773, 1503.267787, 1503.267787, 0.000000
1550923524.619519, 245.903610, 706.387329, -413.013919, -413.013919, 1886.685394, 1886.685394, 0.000000
1550923524.625428, 255.015533, 717.972595, -390.420018, -390.420018, 2259.390100, 2259.390100, 0.000000
1550923524.630753, 255.015533, 717.972595, -364.078692, -364.078692, 2634.132642, 2634.132642, 0.000000
1550923524.636583, 261.880463, 661.898010, -334.300397, -334.300397, 2977.829456, 2977.829456, 0.000000
1550923524.642272, 267.006927, 573.192017, -301.770367, -301.770367, 3253.003077, 3253.003077, 0.000000
1550923524.648131, 267.006927, 573.192017, -266.033482, -266.033482, 3573.688480, 3573.688480, 0.000000
1550923524.654065, 270.422302, 468.036316, -228.251504, -228.251504, 3778.197824, 3778.197824, 0.000000
1550923524.660825, 270.422302, 468.036316, -188.016162, -188.016162, 4023.534178, 4023.534178, 0.000000
1550923524.666323, 270.422302, 468.036316, -146.198255, -146.198255, 4181.790642, 4181.790642, 0.000000
1550923524.671702, 270.422302, 468.036316, -103.226083, -103.226083, 4297.217192, 4297.217192, 0.000000
1550923524.677688, 272.221283, 355.207214, -59.532913, -59.532913, 4369.317043, 4369.317043, 0.000000
1550923524.683594, 272.935852, 249.812180, -15.877537, -20.000000, 4365.537599, 4365.537599, 0.000000
1550923524.696297, 272.935852, 249.812180, 27.578559, 27.578559, 4345.609606, 4345.609606, 0.000000
1550923524.702165, 272.935852, 249.812180, 70.628669, 70.628669, 4305.010998, 4305.010998, 0.000000
1550923524.707837, 272.565582, 86.277313, 112.513990, 112.513990, 4188.532050, 4188.532050, 0.000000
1550923524.713584, 269.267181, -39.023914, 152.256584, 152.256584, 3974.259490, 3974.259490, 0.000000
1550923524.719117, 269.267181, -39.023914, 190.237459, 190.237459, 3798.087453, 3798.087453, 0.000000
1550923524.725096, 269.267181, -39.023914, 225.821557, 225.821557, 3558.409832, 3558.409832, 0.000000
1550923524.730412, 269.267181, -39.023914, 258.765986, 258.765986, 3294.442893, 3294.442893, 0.000000
1550923524.735905, 263.648224, -187.405960, 288.174081, 288.174081, 2940.809459, 2940.809459, 0.000000
1550923524.741325, 263.648224, -187.405960, 314.242592, 314.242592, 2606.851162, 2606.851162, 0.000000
1550923524.747228, 256.600372, -324.096344, 336.267997, 336.267997, 2202.540498, 2202.540498, 0.000000
1550923524.752555, 256.600372, -324.096344, 354.449267, 354.449267, 1818.126918, 1818.126918, 0.000000
1550923524.758367, 249.152298, -422.582520, 368.320766, 368.320766, 1387.149913, 1387.149913, 0.000000
1550923524.763798, 249.152298, -422.582520, 378.061963, 378.061963, 974.119687, 974.119687, 0.000000
1550923524.769350, 241.256821, -502.609253, 383.367512, 383.367512, 530.554919, 530.554919, 0.000000
1550923524.774759, 241.256821, -502.609253, 384.473402, 384.473402, 110.589042, 110.589042, 0.000000
1550923524.780632, 241.256821, -502.609253, 381.431229, 381.431229, -304.217289, -304.217289, 0.000000
1550923524.786536, 232.230194, -584.610901, 373.701457, 373.701457, -772.977255, -772.977255, 0.000000
1550923524.792040, 232.230194, -584.610901, 362.062008, 362.062008, -1163.944830, -1163.944830, 0.000000
1550923524.797377, 223.668198, -623.677734, 346.233625, 346.233625, -1582.838303, -1582.838303, 0.000000
1550923524.802798, 223.668198, -623.677734, 326.434654, 326.434654, -1979.897146, -1979.897146, 0.000000
1550923524.808729, 215.075775, -651.234741, 303.236642, 303.236642, -2319.801232, -2319.801232, 0.000000
1550923524.814212, 215.075775, -651.234741, 276.999076, 276.999076, -2623.756562, -2623.756562, 0.000000
1550923524.819683, 215.075775, -651.234741, 247.665974, 247.665974, -2933.310206, -2933.310206, 0.000000
1550923524.824967, 206.695526, -662.109314, 215.899194, 215.899194, -3176.677966, -3176.677966, 0.000000
1550923524.834317, 206.695526, -662.109314, 181.610556, 181.610556, -3428.863872, -3428.863872, 0.000000
1550923524.840178, 199.338242, -638.965393, 145.698406, 145.698406, -3591.214978, -3591.214978, 0.000000
1550923524.845478, 191.936081, -553.005493, 108.482911, 108.482911, -3721.549480, -3721.549480, 0.000000
1550923524.850998, 191.936081, -553.005493, 70.637487, 70.637487, -3784.542364, -3784.542364, 0.000000
1550923524.856560, 188.882263, -509.321442, 30.977242, 30.977242, -3966.024575, -3966.024575, 0.000000
1550923524.862475, 188.882263, -509.321442, -8.864923, -20.000000, -3984.216479, -3984.216479, 0.000000
1550923524.867866, 188.882263, -509.321442, -48.817183, -48.817183, -3995.225957, -3995.225957, 0.000000
1550923524.873749, 186.100266, -410.179688, -88.007302, -88.007302, -3919.011890, -3919.011890, 0.000000
1550923524.878994, 185.429520, -281.275787, -126.319851, -126.319851, -3831.254895, -3831.254895, 0.000000
1550923524.884513, 185.429520, -281.275787, -163.545304, -163.545304, -3722.545293, -3722.545293, 0.000000
1550923524.889876, 185.429520, -281.275787, -199.603565, -199.603565, -3605.826128, -3605.826128, 0.000000
1550923524.895694, 185.897675, -169.450104, -233.661731, -233.661731, -3405.816569, -3405.816569, 0.000000
1550923524.901174, 185.897675, -169.450104, -265.884336, -265.884336, -3222.260533, -3222.260533, 0.000000
1550923524.907019, 190.086578, 11.838461, -295.405130, -295.405130, -2952.079451, -2952.079451, 0.000000
1550923524.912546, 197.830215, 231.399246, -321.881944, -321.881944, -2647.681406, -2647.681406, 0.000000
1550923524.918462, 197.830215, 231.399246, -345.767788, -345.767788, -2388.584310, -2388.584310, 0.000000
1550923524.923783, 207.185059, 419.829254, -366.230648, -366.230648, -2046.286012, -2046.286012, 0.000000
1550923524.929203, 207.185059, 419.829254, -383.451605, -383.451605, -1722.095762, -1722.095762, 0.000000
1550923524.934587, 207.185059, 419.829254, -397.117921, -397.117921, -1366.631619, -1366.631619, 0.000000
1550923524.939952, 217.664459, 573.096069, -407.323612, -407.323612, -1020.569080, -1020.569080, 0.000000
1550923524.945564, 217.664459, 573.096069, -413.159066, -413.159066, -583.545420, -583.545420, 0.000000
1550923524.951055, 217.664459, 573.096069, -415.293468, -415.293468, -213.440155, -213.440155, 0.000000
1550923524.956303, 217.664459, 573.096069, -413.656662, -413.656662, 163.680613, 163.680613, 0.000000
1550923524.961718, 229.695084, 686.773560, -407.898007, -407.898007, 575.865507, 575.865507, 0.000000
1550923524.967452, 238.615768, 734.025024, -397.899304, -397.899304, 999.870269, 999.870269, 0.000000
1550923524.973039, 238.615768, 734.025024, -383.854599, -383.854599, 1404.470467, 1404.470467, 0.000000
1550923524.978414, 248.967422, 772.555115, -366.034101, -366.034101, 1782.049869, 1782.049869, 0.000000
1550923524.983875, 248.967422, 772.555115, -344.677256, -344.677256, 2135.684470, 2135.684470, 0.000000
1550923524.989233, 248.967422, 772.555115, -319.672930, -319.672930, 2500.432561, 2500.432561, 0.000000
1550923524.994726, 258.174561, 763.918030, -290.902966, -290.902966, 2876.996450, 2876.996450, 0.000000
1550923525.000051, 258.174561, 763.918030, -259.139992, -259.139992, 3176.297431, 3176.297431, 0.000000
1550923525.005435, 264.832489, 685.688232, -224.872887, -224.872887, 3426.710461, 3426.710461, 0.000000
1550923525.011325, 264.832489, 685.688232, -188.175418, -188.175418, 3669.746911, 3669.746911, 0.000000
1550923525.016653, 269.932892, 589.257568, -148.940003, -148.940003, 3923.541471, 3923.541471, 0.000000
1550923525.022230, 273.097534, 471.153534, -108.256494, -108.256494, 4068.350944, 4068.350944, 0.000000
1550923525.027606, 273.097534, 471.153534, -66.153869, -66.153869, 4210.262477, 4210.262477, 0.000000
1550923525.033592, 273.097534, 471.153534, -23.096924, -23.096924, 4305.694506, 4305.694506, 0.000000
1550923525.038930, 273.097534, 471.153534, 20.783687, 20.783687, 4388.061091, 4388.061091, 0.000000
1550923525.044349, 274.553375, 337.475555, 64.366812, 64.366812, 4358.312461, 4358.312461, 0.000000
1550923525.049668, 274.553375, 337.475555, 107.864766, 107.864766, 4349.795476, 4349.795476, 0.000000
1550923525.054885, 274.553375, 337.475555, 150.602969, 150.602969, 4273.820240, 4273.820240, 0.000000
1550923525.060139, 274.553375, 337.475555, 192.160331, 192.160331, 4155.736257, 4155.736257, 0.000000
1550923525.066013, 274.553375, 337.475555, 232.393768, 232.393768, 4023.343641, 4023.343641, 0.000000
1550923525.071501, 274.553375, 337.475555, 270.703714, 270.703714, 3830.994628, 3830.994628, 0.000000
1550923525.077464, 272.854706, 58.831680, 306.053147, 306.053147, 3534.943331, 3534.943331, 0.000000
1550923525.083536, 272.854706, 58.831680, 338.850819, 338.850819, 3279.767185, 3279.767185, 0.000000
1550923525.089157, 272.854706, 58.831680, 368.873166, 368.873166, 3002.234679, 3002.234679, 0.000000
1550923525.095661, 269.813446, -49.767078, 395.454397, 395.454397, 2658.123105, 2658.123105, 0.000000
1550923525.101531, 269.813446, -49.767078, 418.701537, 418.701537, 2324.713980, 2324.713980, 0.000000
1550923525.106848, 262.509369, -247.526001, 437.872528, 437.872528, 1917.099139, 1917.099139, 0.000000
1550923525.112199, 254.509674, -390.840607, 452.950459, 452.950459, 1507.793087, 1507.793087, 0.000000
1550923525.117702, 254.509674, -390.840607, 464.157457, 464.157457, 1120.699782, 1120.699782, 0.000000
1550923525.123047, 245.855713, -501.744568, 471.128143, 471.128143, 697.068659, 697.068659, 0.000000
1550923525.128608, 245.855713, -501.744568, 473.872632, 473.872632, 274.448869, 274.448869, 0.000000
1550923525.133923, 236.287003, -600.073792, 472.484162, 472.484162, -138.847044, -150.000000, 0.000000
1550923525.139608, 236.287003, -600.073792, 466.823510, 466.823510, -566.065166, -566.065166, 0.000000
1550923525.145182, 236.287003, -600.073792, 457.263436, 457.263436, -956.007417, -956.007417, 0.000000
1550923525.150568, 227.126144, -651.156494, 443.617911, 443.617911, -1364.552532, -1364.552532, 0.000000
1550923525.156090, 227.126144, -651.156494, 425.785741, 425.785741, -1783.216932, -1783.216932, 0.000000
1550923525.161770, 217.993195, -683.872070, 404.386960, 404.386960, -2139.878148, -2139.878148, 0.000000
1550923525.167565, 217.993195, -683.872070, 379.741578, 379.741578, -2464.538205, -2464.538205, 0.000000
1550923525.173189, 209.417999, -688.773438, 351.752266, 351.752266, -2798.931152, -2798.931152, 0.000000
1550923525.178568, 209.417999, -688.773438, 321.057293, 321.057293, -3069.497278, -3069.497278, 0.000000
1550923525.183993, 209.417999, -688.773438, 287.415319, 287.415319, -3364.197455, -3364.197455, 0.000000
1550923525.191609, 202.162476, -653.208923, 251.105270, 251.105270, -3631.004870, -3631.004870, 0.000000
1550923525.200191, 202.162476, -653.208923, 212.976882, 212.976882, -3812.838772, -3812.838772, 0.000000
1550923525.205966, 202.162476, -653.208923, 172.766352, 172.766352, -4021.053001, -4021.053001, 0.000000
1550923525.211559, 202.162476, -653.208923, 131.342941, 131.342941, -4142.341168, -4142.341168, 0.000000
1550923525.217032, 193.455338, -446.175751, 89.651845, 89.651845, -4169.109606, -4169.109606, 0.000000
1550923525.222485, 193.455338, -446.175751, 47.435275, 47.435275, -4221.656940, -4221.656940, 0.000000
1550923525.228392, 192.855362, -319.444885, 4.995329, 4.995329, -4243.994623, -4243.994623, 0.000000
1550923525.233719, 192.855362, -319.444885, -37.207471, -37.207471, -4220.279997, -4220.279997, 0.000000
1550923525.239596, 193.195435, -178.897034, -78.355113, -78.355113, -4114.764226, -4114.764226, 0.000000
1550923525.245137, 193.195435, -178.897034, -118.825058, -118.825058, -4046.994443, -4046.994443, 0.000000
1550923525.251148, 196.179123, -36.423107, -157.619589, -157.619589, -3879.453091, -3879.453091, 0.000000
1550923525.256824, 196.179123, -36.423107, -194.666172, -194.666172, -3704.658389, -3704.658389, 0.000000
1550923525.262737, 203.837418, 197.688034, -229.030348, -229.030348, -3436.417572, -3436.417572, 0.000000
1550923525.268271, 203.837418, 197.688034, -260.962258, -260.962258, -3193.191038, -3193.191038, 0.000000
1550923525.273487, 212.764801, 383.254974, -289.570769, -289.570769, -2860.851024, -2860.851024, 0.000000
1550923525.279033, 212.764801, 383.254974, -315.074226, -315.074226, -2550.345739, -2550.345739, 0.000000
1550923525.284871, 222.315491, 526.055969, -336.776968, -336.776968, -2170.274147, -2170.274147, 0.000000
1550923525.290306, 222.315491, 526.055969, -354.605754, -354.605754, -1782.878606, -1782.878606, 0.000000
1550923525.295669, 222.315491, 526.055969, -368.556778, -368.556778, -1395.102482, -1395.102482, 0.000000
1550923525.302166, 232.137497, 623.007629, -378.162261, -378.162261, -960.548207, -960.548207, 0.000000
1550923525.307688, 232.137497, 623.007629, -383.287025, -383.287025, -512.476490, -512.476490, 0.000000
1550923525.313087, 242.157211, 690.307251, -383.550882, -383.550882, -26.385608, -150.000000, 0.000000
1550923525.318360, 242.157211, 690.307251, -379.444238, -379.444238, 410.664323, 410.664323, 0.000000
1550923525.324957, 251.202728, 706.606689, -370.912205, -370.912205, 853.203289, 853.203289, 0.000000
1550923525.332648, 251.202728, 706.606689, -357.646009, -357.646009, 1326.619646, 1326.619646, 0.000000
1550923525.338378, 258.920624, 678.881836, -340.142778, -340.142778, 1750.323141, 1750.323141, 0.000000
1550923525.343736, 265.128632, 616.491760, -318.650091, -318.650091, 2149.268672, 2149.268672, 0.000000
1550923525.349839, 265.128632, 616.491760, -293.507248, -293.507248, 2514.284308, 2514.284308, 0.000000
1550923525.355247, 269.906250, 536.040833, -264.837063, -264.837063, 2867.018455, 2867.018455, 0.000000
1550923525.360529, 269.906250, 536.040833, -233.259325, -233.259325, 3157.773774, 3157.773774, 0.000000
1550923525.366193, 269.906250, 536.040833, -198.093602, -198.093602, 3516.572373, 3516.572373, 0.000000
1550923525.371734, 272.371124, 416.451385, -160.957267, -160.957267, 3713.633431, 3713.633431, 0.000000
1550923525.377563, 272.371124, 416.451385, -121.963404, -121.963404, 3899.386381, 3899.386381, 0.000000
1550923525.383231, 273.271027, 294.778870, -81.656706, -81.656706, 4030.669802, 4030.669802, 0.000000
1550923525.388969, 273.271027, 294.778870, -40.527177, -40.527177, 4112.952899, 4112.952899, 0.000000
1550923525.394973, 273.662842, 201.628769, 1.208161, 1.208161, 4173.533764, 4173.533764, 0.000000
1550923525.400411, 273.662842, 201.628769, 43.164261, 43.164261, 4195.610027, 4195.610027, 0.000000
1550923525.406286, 273.678833, 130.202423, 84.203386, 84.203386, 4103.912507, 4103.912507, 0.000000
1550923525.412116, 273.678833, 130.202423, 124.400799, 124.400799, 4019.741266, 4019.741266, 0.000000
1550923525.417671, 272.680359, 55.225609, 162.747732, 162.747732, 3834.693328, 3834.693328, 0.000000
1550923525.423658, 272.680359, 55.225609, 199.037077, 199.037077, 3628.934460, 3628.934460, 0.000000
1550923525.429276, 272.680359, 55.225609, 233.169160, 233.169160, 3413.208288, 3413.208288, 0.000000
1550923525.435357, 268.530579, -82.513535, 264.506299, 264.506299, 3133.713881, 3133.713881, 0.000000
1550923525.441114, 263.630402, -205.236557, 291.968395, 291.968395, 2746.209603, 2746.209603, 0.000000
1550923525.446796, 263.630402, -205.236557, 316.219047, 316.219047, 2425.065213, 2425.065213, 0.000000
1550923525.452190, 263.630402, -205.236557, 336.958420, 336.958420, 2073.937292, 2073.937292, 0.000000
1550923525.458040, 256.162292, -347.402069, 353.907389, 353.907389, 1694.896896, 1694.896896, 0.000000
1550923525.463898, 256.162292, -347.402069, 366.534875, 366.534875, 1262.748657, 1262.748657, 0.000000
1550923525.469282, 256.162292, -347.402069, 375.181248, 375.181248, 864.637251, 864.637251, 0.000000
1550923525.474684, 248.037766, -458.212982, 379.484893, 379.484893, 430.364504, 430.364504, 0.000000
1550923525.480220, 239.796600, -535.010376, 379.689550, 379.689550, 20.465722, 20.465722, 0.000000
1550923525.485632, 239.796600, -535.010376, 375.732874, 375.732874, -395.667606, -395.667606, 0.000000
1550923525.490989, 230.816635, -602.364380, 367.961572, 367.961572, -777.130174, -777.130174, 0.000000
1550923525.496638, 230.816635, -602.364380, 356.339895, 356.339895, -1162.167769, -1162.167769, 0.000000
1550923525.502397, 230.816635, -602.364380, 340.635137, 340.635137, -1570.475778, -1570.475778, 0.000000
1550923525.507631, 230.816635, -602.364380, 321.676558, 321.676558, -1895.857853, -1895.857853, 0.000000
1550923525.513120, 222.031677, -643.933289, 299.198385, 299.198385, -2247.817364, -2247.817364, 0.000000
1550923525.518341, 222.031677, -643.933289, 273.974087, 273.974087, -2522.429779, -2522.429779, 0.000000
1550923525.523640, 213.020386, -674.590393, 245.773811, 245.773811, -2820.027559, -2820.027559, 0.000000
1550923525.528911, 213.020386, -674.590393, 215.414964, 215.414964, -3035.884720, -3035.884720, 0.000000
1550923525.534536, 204.114792, -693.533936, 182.723982, 182.723982, -3269.098199, -3269.098199, 0.000000
1550923525.539888, 204.114792, -693.533936, 148.506911, 148.506911, -3421.707077, -3421.707077, 0.000000
1550923525.545635, 194.804688, -672.964050, 112.429591, 112.429591, -3607.731987, -3607.731987, 0.000000
1550923525.550986, 194.804688, -672.964050, 75.433705, 75.433705, -3699.588592, -3699.588592, 0.000000
1550923525.556388, 188.099945, -669.901367, 37.259755, 37.259755, -3817.395084, -3817.395084, 0.000000
1550923525.561618, 188.099945, -669.901367, -1.268109, -20.000000, -3852.786353, -3852.786353, 0.000000
1550923525.567244, 180.118668, -660.806396, -40.292142, -40.292142, -3902.403318, -3902.403318, 0.000000
1550923525.572577, 180.118668, -660.806396, -79.166720, -79.166720, -3887.457816, -3887.457816, 0.000000
1550923525.578087, 180.118668, -660.806396, -117.650090, -117.650090, -3848.337008, -3848.337008, 0.000000
1550923525.583375, 173.677673, -613.491272, -155.670189, -155.670189, -3802.009836, -3802.009836, 0.000000
1550923525.588699, 173.677673, -613.491272, -192.873092, -192.873092, -3720.290370, -3720.290370, 0.000000
1550923525.594600, 168.492279, -545.435852, -229.068353, -229.068353, -3619.526027, -3619.526027, 0.000000
1550923525.600040, 168.492279, -545.435852, -264.086468, -264.086468, -3501.811514, -3501.811514, 0.000000
1550923525.605521, 165.397614, -440.104156, -297.499482, -297.499482, -3341.301383, -3341.301383, 0.000000
1550923525.611033, 165.397614, -440.104156, -329.424996, -329.424996, -3192.551422, -3192.551422, 0.000000
1550923525.616370, 163.916321, -327.271362, -359.382083, -359.382083, -2995.708721, -2995.708721, 0.000000
1550923525.621630, 163.916321, -327.271362, -387.492692, -387.492692, -2811.060926, -2811.060926, 0.000000
1550923525.627228, 163.916321, -327.271362, -413.518138, -413.518138, -2602.544566, -2602.544566, 0.000000
1550923525.633077, 163.495636, -223.224197, -437.220917, -437.220917, -2370.277907, -2370.277907, 0.000000
1550923525.638497, 163.500885, -143.737000, -458.327386, -458.327386, -2110.646874, -2110.646874, 0.000000
1550923525.644412, 163.500885, -143.737000, -477.211087, -477.211087, -1888.370168, -1888.370168, 0.000000
1550923525.650307, 163.500885, -143.737000, -493.411887, -493.411887, -1620.079927, -1620.079927, 0.000000
1550923525.655591, 164.861496, -53.372185, -506.938931, -506.938931, -1352.704447, -1352.704447, 0.000000
1550923525.661258, 164.861496, -53.372185, -517.628326, -517.628326, -1068.939442, -1068.939442, 0.000000
1550923525.666564, 164.861496, -53.372185, -525.787324, -525.787324, -815.899866, -815.899866, 0.000000
1550923525.672068, 169.090195, 87.292450, -530.680821, -530.680821, -489.349679, -489.349679, 0.000000
1550923525.677383, 175.165085, 234.315613, -532.548059, -532.548059, -186.723768, -186.723768, 0.000000
1550923525.683252, 175.165085, 234.315613, -531.585916, -531.585916, 96.214268, 96.214268, 0.000000
1550923525.691554, 175.165085, 234.315613, -527.990566, -527.990566, 359.535005, 359.535005, 0.000000
1550923525.697040, 182.113953, 351.568390, -521.196660, -521.196660, 679.390618, 679.390618, 0.000000
1550923525.702464, 182.113953, 351.568390, -511.812382, -511.812382, 938.427795, 938.427795, 0.000000
1550923525.708016, 182.113953, 351.568390, -499.892812, -499.892812, 1191.956953, 1191.956953, 0.000000
1550923525.713288, 190.484161, 440.542358, -485.266652, -485.266652, 1462.616080, 1462.616080, 0.000000
1550923525.718560, 197.464828, 506.424683, -467.306024, -467.306024, 1796.062796, 1796.062796, 0.000000
1550923525.727074, 197.464828, 506.424683, -447.060346, -447.060346, 2024.567721, 2024.567721, 0.000000
1550923525.732537, 205.426285, 570.442627, -424.431476, -424.431476, 2262.887023, 2262.887023, 0.000000
1550923525.737903, 205.426285, 570.442627, -399.733712, -399.733712, 2469.776409, 2469.776409, 0.000000
1550923525.743775, 214.462677, 628.397888, -372.490491, -372.490491, 2724.322154, 2724.322154, 0.000000
1550923525.749266, 214.462677, 628.397888, -343.434082, -343.434082, 2905.640850, 2905.640850, 0.000000
1550923525.755109, 223.080948, 654.826721, -312.286481, -312.286481, 3114.760070, 3114.760070, 0.000000
1550923525.760583, 223.080948, 654.826721, -279.604355, -279.604355, 3268.212601, 3268.212601, 0.000000
1550923525.766280, 231.495819, 664.910828, -245.279886, -245.279886, 3432.446965, 3432.446965, 0.000000
1550923525.771898, 231.495819, 664.910828, -209.738883, -209.738883, 3554.100254, 3554.100254, 0.000000
1550923525.777202, 231.495819, 664.910828, -172.951601, -172.951601, 3678.728165, 3678.728165, 0.000000
1550923525.782708, 239.764984, 667.300659, -135.294348, -135.294348, 3765.725381, 3765.725381, 0.000000
1550923525.788080, 247.222656, 645.831909, -96.968786, -96.968786, 3832.556164, 3832.556164, 0.000000
1550923525.793705, 247.222656, 645.831909, -58.113574, -58.113574, 3885.521200, 3885.521200, 0.000000
1550923525.799009, 247.222656, 645.831909, -18.993283, -20.000000, 3912.029119, 3912.029119, 0.000000
1550923525.804666, 252.811356, 578.168762, 20.073551, 20.073551, 3906.683412, 3906.683412, 0.000000
1550923525.809936, 252.811356, 578.168762, 58.985080, 58.985080, 3891.152825, 3891.152825, 0.000000
1550923525.815829, 259.516663, 566.392639, 97.545214, 97.545214, 3856.013465, 3856.013465, 0.000000
1550923525.821874, 259.516663, 566.392639, 135.521832, 135.521832, 3797.661749, 3797.661749, 0.000000
1550923525.827722, 259.516663, 566.392639, 172.647426, 172.647426, 3712.559400, 3712.559400, 0.000000
1550923525.833489, 264.860046, 519.758423, 208.647962, 208.647962, 3600.053672, 3600.053672, 0.000000
1550923525.838739, 264.860046, 519.758423, 243.468224, 243.468224, 3482.026151, 3482.026151, 0.000000
1550923525.844221, 268.624969, 442.245239, 276.709695, 276.709695, 3324.147127, 3324.147127, 0.000000
1550923525.849558, 268.624969, 442.245239, 308.413907, 308.413907, 3170.421220, 3170.421220, 0.000000
1550923525.855423, 272.030548, 385.030945, 338.283882, 338.283882, 2986.997459, 2986.997459, 0.000000
1550923525.860993, 272.030548, 385.030945, 366.359012, 366.359012, 2807.512996, 2807.512996, 0.000000
1550923525.866734, 274.036346, 306.206573, 392.141077, 392.141077, 2578.206491, 2578.206491, 0.000000
1550923525.872000, 274.036346, 306.206573, 415.905108, 415.905108, 2376.403141, 2376.403141, 0.000000
1550923525.877390, 275.462219, 238.863388, 437.150697, 437.150697, 2124.558890, 2124.558890, 0.000000
1550923525.883580, 275.462219, 238.863388, 456.208382, 456.208382, 1905.768465, 1905.768465, 0.000000
1550923525.888856, 275.462219, 238.863388, 472.695056, 472.695056, 1648.667438, 1648.667438, 0.000000
1550923525.894450, 276.688324, 188.877640, 486.733534, 486.733534, 1403.847762, 1403.847762, 0.000000
1550923525.899670, 276.688324, 188.877640, 498.105226, 498.105226, 1137.169242, 1137.169242, 0.000000
1550923525.904959, 277.540375, 146.672745, 507.008576, 507.008576, 890.334992, 890.334992, 0.000000
1550923525.910561, 277.540375, 146.672745, 513.588835, 513.588835, 658.025909, 658.025909, 0.000000
1550923525.915837, 278.110443, 111.237602, 517.461411, 517.461411, 387.257573, 387.257573, 0.000000
1550923525.921410, 278.110443, 111.237602, 518.848900, 518.848900, 138.748952, 138.748952, 0.000000
1550923525.927350, 278.456543, 81.682869, 517.964102, 517.964102, -88.479825, -150.000000, 0.000000
1550923525.932874, 278.456543, 81.682869, 514.990063, 514.990063, -297.403961, -297.403961, 0.000000
1550923525.938709, 278.470673, 53.138550, 509.679944, 509.679944, -531.011842, -531.011842, 0.000000
1550923525.944053, 278.169800, 25.477104, 502.518700, 502.518700, -716.124385, -716.124385, 0.000000
1550923525.949362, 278.169800, 25.477104, 493.576160, 493.576160, -894.254033, -894.254033, 0.000000
1550923525.954872, 278.169800, 25.477104, 482.669069, 482.669069, -1090.709127, -1090.709127, 0.000000
1550923525.960254, 277.513763, -2.496516, 469.915821, 469.915821, -1275.324735, -1275.324735, 0.000000
1550923525.966152, 277.513763, -2.496516, 455.814610, 455.814610, -1410.121141, -1410.121141, 0.000000
1550923525.971575, 277.513763, -2.496516, 440.606072, 440.606072, -1520.853766, -1520.853766, 0.000000
1550923525.977470, 276.197693, -39.622078, 423.979186, 423.979186, -1662.688673, -1662.688673, 0.000000
1550923525.982754, 276.197693, -39.622078, 406.546503, 406.546503, -1743.268306, -1743.268306, 0.000000
1550923525.988142, 273.569641, -101.399422, 388.277497, 388.277497, -1826.900574, -1826.900574, 0.000000
1550923525.993611, 273.569641, -101.399422, 369.235025, 369.235025, -1904.247196, -1904.247196, 0.000000
1550923525.999043, 270.295349, -159.964920, 349.434505, 349.434505, -1980.052007, -1980.052007, 0.000000
1550923526.004552, 270.295349, -159.964920, 329.361564, 329.361564, -2007.294065, -2007.294065, 0.000000
1550923526.010327, 270.295349, -159.964920, 308.921261, 308.921261, -2044.030359, -2044.030359, 0.000000
1550923526.016118, 267.010406, -197.833298, 288.283954, 288.283954, -2063.730633, -2063.730633, 0.000000
1550923526.021701, 262.376038, -261.328217, 267.277242, 267.277242, -2100.671169, -2100.671169, 0.000000
1550923526.027109, 262.376038, -261.328217, 246.323619, 246.323619, -2095.362350, -2095.362350, 0.000000
1550923526.032561, 258.811188, -271.726349, 225.386542, 225.386542, -2093.707682, -2093.707682, 0.000000
1550923526.038423, 258.811188, -271.726349, 204.551997, 204.551997, -2083.454511, -2083.454511, 0.000000
1550923526.043773, 254.370224, -303.574921, 183.853514, 183.853514, -2069.848351, -2069.848351, 0.000000
1550923526.049046, 254.370224, -303.574921, 163.252473, 163.252473, -2060.104044, -2060.104044, 0.000000
1550923526.054897, 254.370224, -303.574921, 142.864015, 142.864015, -2038.845841, -2038.845841, 0.000000
1550923526.060171, 249.992676, -321.866516, 122.636712, 122.636712, -2022.730261, -2022.730261, 0.000000
1550923526.065634, 249.992676, -321.866516, 102.637101, 102.637101, -1999.961091, -1999.961091, 0.000000
1550923526.070891, 245.245209, -344.739166, 82.930802, 82.930802, -1970.629914, -1970.629914, 0.000000
1550923526.076461, 245.245209, -344.739166, 63.384531, 63.384531, -1954.627062, -1954.627062, 0.000000
1550923526.081983, 240.725677, -344.896362, 44.273351, 44.273351, -1911.118025, -1911.118025, 0.000000
1550923526.087491, 240.725677, -344.896362, 25.399367, 25.399367, -1887.398440, -1887.398440, 0.000000
1550923526.092908, 235.946777, -368.933563, 6.801227, 6.801227, -1859.814023, -1859.814023, 0.000000
1550923526.098997, 235.946777, -368.933563, -11.628015, -20.000000, -1842.924195, -1842.924195, 0.000000
1550923526.104337, 235.946777, -368.933563, -29.822422, -29.822422, -1819.440614, -1819.440614, 0.000000
1550923526.109849, 231.562408, -363.571442, -47.632484, -47.632484, -1781.006289, -1781.006289, 0.000000
1550923526.115225, 231.562408, -363.571442, -65.218228, -65.218228, -1758.574371, -1758.574371, 0.000000
1550923526.120592, 226.975250, -367.468689, -82.341525, -82.341525, -1712.329651, -1712.329651, 0.000000
1550923526.126064, 226.975250, -367.468689, -99.235606, -99.235606, -1689.408179, -1689.408179, 0.000000
1550923526.131453, 226.975250, -367.468689, -115.700834, -115.700834, -1646.522747, -1646.522747, 0.000000
1550923526.137303, 222.592529, -363.762360, -131.879389, -131.879389, -1617.855476, -1617.855476, 0.000000
1550923526.143188, 218.052505, -365.913605, -147.518851, -147.518851, -1563.946223, -1563.946223, 0.000000
1550923526.149087, 218.052505, -365.913605, -162.830122, -162.830122, -1531.127081, -1531.127081, 0.000000
1550923526.154531, 213.770569, -359.428894, -177.567148, -177.567148, -1473.702653, -1473.702653, 0.000000
1550923526.160207, 213.770569, -359.428894, -191.873286, -191.873286, -1430.613792, -1430.613792, 0.000000
1550923526.166322, 213.770569, -359.428894, -205.733952, -205.733952, -1386.066618, -1386.066618, 0.000000
1550923526.171638, 209.344910, -356.187988, -218.954017, -218.954017, -1322.006449, -1322.006449, 0.000000
1550923526.177176, 209.344910, -356.187988, -231.659270, -231.659270, -1270.525324, -1270.525324, 0.000000
1550923526.182821, 205.325211, -345.995758, -243.659380, -243.659380, -1200.011008, -1200.011008, 0.000000
1550923526.191731, 205.325211, -345.995758, -255.081159, -255.081159, -1142.177862, -1142.177862, 0.000000
1550923526.201961, 205.325211, -345.995758, -265.789898, -265.789898, -1070.873932, -1070.873932, 0.000000
1550923526.207657, 201.287399, -342.674225, -275.859241, -275.859241, -1006.934320, -1006.934320, 0.000000
1550923526.213654, 196.652618, -292.168182, -285.040649, -285.040649, -918.140744, -918.140744, 0.000000
1550923526.219668, 195.007950, -294.959839, -293.564987, -293.564987, -852.433790, -852.433790, 0.000000
1550923526.228176, 195.007950, -294.959839, -301.319304, -301.319304, -775.431696, -775.431696, 0.000000
1550923526.233532, 195.007950, -294.959839, -308.378554, -308.378554, -705.925026, -705.925026, 0.000000
1550923526.239234, 190.203720, -328.984100, -314.758365, -314.758365, -637.981098, -637.981098, 0.000000
1550923526.244522, 186.551605, -317.224976, -320.412991, -320.412991, -565.462627, -565.462627, 0.000000
1550923526.250030, 186.551605, -317.224976, -325.401159, -325.401159, -498.816761, -498.816761, 0.000000
1550923526.255380, 186.551605, -317.224976, -329.667223, -329.667223, -426.606377, -426.606377, 0.000000
1550923526.261252, 183.335129, -298.001892, -333.272627, -333.272627, -360.540400, -360.540400, 0.000000
1550923526.266715, 183.335129, -298.001892, -336.200423, -336.200423, -292.779609, -292.779609, 0.000000
1550923526.272431, 180.259659, -280.910217, -338.549186, -338.549186, -234.876359, -234.876359, 0.000000
1550923526.277862, 180.259659, -280.910217, -340.220019, -340.220019, -167.083283, -167.083283, 0.000000
1550923526.283761, 177.223312, -268.642914, -341.394568, -341.394568, -117.454885, -150.000000, 0.000000
1550923526.289533, 177.223312, -268.642914, -341.963396, -341.963396, -56.882786, -150.000000, 0.000000
1550923526.295213, 177.223312, -268.642914, -342.129857, -342.129857, -16.646158, -150.000000, 0.000000
1550923526.300839, 174.509247, -246.451401, -341.860680, -341.860680, 26.917711, 26.917711, 0.000000
1550923526.306190, 172.375641, -225.165085, -341.075614, -341.075614, 78.506589, 78.506589, 0.000000
1550923526.311566, 172.375641, -225.165085, -339.777615, -339.777615, 129.799895, 129.799895, 0.000000
1550923526.316915, 172.375641, -225.165085, -338.167159, -338.167159, 161.045631, 161.045631, 0.000000
1550923526.322202, 169.922684, -216.012085, -336.231043, -336.231043, 193.611621, 193.611621, 0.000000
1550923526.333756, 169.922684, -216.012085, -333.981991, -333.981991, 224.905214, 224.905214, 0.000000
1550923526.339843, 169.922684, -216.012085, -331.469632, -331.469632, 251.235849, 251.235849, 0.000000
1550923526.346001, 168.035568, -193.832245, -328.549353, -328.549353, 292.027964, 292.027964, 0.000000
1550923526.351389, 166.346191, -152.250473, -325.273075, -325.273075, 327.627727, 327.627727, 0.000000
1550923526.357254, 165.624237, -137.313980, -321.672514, -321.672514, 360.056141, 360.056141, 0.000000
1550923526.362738, 165.624237, -137.313980, -317.847340, -317.847340, 382.517417, 382.517417, 0.000000
1550923526.368047, 165.624237, -137.313980, -313.798708, -313.798708, 404.863216, 404.863216, 0.000000
1550923526.373519, 164.858276, -110.795235, -309.379430, -309.379430, 441.927786, 441.927786, 0.000000
1550923526.378889, 164.858276, -110.795235, -304.735943, -304.735943, 464.348655, 464.348655, 0.000000
1550923526.384507, 164.474487, -82.496223, -299.781523, -299.781523, 495.441985, 495.441985, 0.000000
1550923526.390159, 164.474487, -82.496223, -294.599106, -294.599106, 518.241763, 518.241763, 0.000000
1550923526.395962, 164.254517, -59.546219, -289.041186, -289.041186, 555.791950, 555.791950, 0.000000
1550923526.401531, 164.254517, -59.546219, -283.240441, -283.240441, 580.074487, 580.074487, 0.000000
1550923526.407418, 164.195465, -40.099030, -277.147095, -277.147095, 609.334627, 609.334627, 0.000000
1550923526.413061, 164.195465, -40.099030, -270.798313, -270.798313, 634.878199, 634.878199, 0.000000
1550923526.418982, 164.247086, -24.383444, -264.142937, -264.142937, 665.537624, 665.537624, 0.000000
1550923526.424668, 164.247086, -24.383444, -257.214198, -257.214198, 692.873887, 692.873887, 0.000000
1550923526.430585, 164.660233, -3.786680, -249.960945, -249.960945, 725.325303, 725.325303, 0.000000
1550923526.435825, 165.866516, 32.264938, -242.348838, -242.348838, 761.210640, 761.210640, 0.000000
1550923526.441304, 165.866516, 32.264938, -234.473103, -234.473103, 787.573553, 787.573553, 0.000000
1550923526.447197, 165.866516, 32.264938, -226.323968, -226.323968, 814.913474, 814.913474, 0.000000
1550923526.452659, 167.593048, 71.091698, -217.791757, -217.791757, 853.221106, 853.221106, 0.000000
1550923526.458178, 167.593048, 71.091698, -209.013482, -209.013482, 877.827471, 877.827471, 0.000000
1550923526.463524, 169.904968, 112.636902, -199.969927, -199.969927, 904.355577, 904.355577, 0.000000
1550923526.469019, 169.904968, 112.636902, -190.550851, -190.550851, 941.907549, 941.907549, 0.000000
1550923526.474408, 172.494095, 147.333420, -180.875564, -180.875564, 967.528696, 967.528696, 0.000000
1550923526.481127, 172.494095, 147.333420, -170.873960, -170.873960, 1000.160441, 1000.160441, 0.000000
1550923526.487019, 172.494095, 147.333420, -160.624191, -160.624191, 1024.976871, 1024.976871, 0.000000
1550923526.493454, 175.363480, 177.904327, -150.037681, -150.037681, 1058.650989, 1058.650989, 0.000000
1550923526.499045, 178.637070, 209.236221, -139.220138, -139.220138, 1081.754323, 1081.754323, 0.000000
1550923526.505991, 178.637070, 209.236221, -128.230193, -128.230193, 1098.994501, 1098.994501, 0.000000
1550923526.511773, 181.836426, 227.277924, -116.964344, -116.964344, 1126.584847, 1126.584847, 0.000000
1550923526.518203, 181.836426, 227.277924, -105.498412, -105.498412, 1146.593222, 1146.593222, 0.000000
1550923526.523961, 185.011261, 238.330826, -93.812898, -93.812898, 1168.551429, 1168.551429, 0.000000
1550923526.533670, 185.011261, 238.330826, -81.849057, -81.849057, 1196.384068, 1196.384068, 0.000000
1550923526.538980, 185.011261, 238.330826, -69.753363, -69.753363, 1209.569470, 1209.569470, 0.000000
1550923526.544516, 188.595642, 257.232544, -57.446469, -57.446469, 1230.689352, 1230.689352, 0.000000
1550923526.550183, 188.595642, 257.232544, -44.998147, -44.998147, 1244.832250, 1244.832250, 0.000000
1550923526.555583, 192.564026, 280.458160, -32.411549, -32.411549, 1258.659755, 1258.659755, 0.000000
1550923526.561159, 192.564026, 280.458160, -19.715443, -20.000000, 1269.610639, 1269.610639, 0.000000
1550923526.567041, 197.131393, 312.764465, -6.881642, -20.000000, 1283.380054, 1283.380054, 0.000000
1550923526.572408, 197.131393, 312.764465, 6.027049, 6.027049, 1290.869097, 1290.869097, 0.000000
1550923526.577930, 201.424637, 325.648407, 18.997123, 18.997123, 1297.007410, 1297.007410, 0.000000
1550923526.583346, 201.424637, 325.648407, 32.010469, 32.010469, 1301.334646, 1301.334646, 0.000000
1550923526.589184, 206.243469, 349.034119, 45.122386, 45.122386, 1311.191698, 1311.191698, 0.000000
1550923526.594782, 206.243469, 349.034119, 58.180185, 58.180185, 1305.779908, 1305.779908, 0.000000
1550923526.600663, 206.243469, 349.034119, 71.168104, 71.168104, 1298.791861, 1298.791861, 0.000000
1550923526.606202, 210.783356, 356.414307, 84.151055, 84.151055, 1298.295136, 1298.295136, 0.000000
1550923526.611533, 210.783356, 356.414307, 97.086883, 97.086883, 1293.582784, 1293.582784, 0.000000
1550923526.616946, 210.783356, 356.414307, 109.928613, 109.928613, 1284.172923, 1284.172923, 0.000000
1550923526.622421, 210.783356, 356.414307, 122.684189, 122.684189, 1275.557659, 1275.557659, 0.000000
1550923526.627883, 210.783356, 356.414307, 135.335403, 135.335403, 1265.121370, 1265.121370, 0.000000
1550923526.633776, 210.783356, 356.414307, 147.795802, 147.795802, 1246.039965, 1246.039965, 0.000000
1550923526.639647, 210.783356, 356.414307, 159.980275, 159.980275, 1218.447241, 1218.447241, 0.000000
1550923526.645038, 227.146759, 419.522858, 172.126895, 172.126895, 1214.661989, 1214.661989, 0.000000
1550923526.650387, 227.146759, 419.522858, 184.068190, 184.068190, 1194.129567, 1194.129567, 0.000000
1550923526.656331, 230.894836, 379.634857, 195.673969, 195.673969, 1160.577892, 1160.577892, 0.000000
1550923526.661764, 234.864059, 359.320160, 206.907348, 206.907348, 1123.337855, 1123.337855, 0.000000
1550923526.667289, 234.864059, 359.320160, 217.884880, 217.884880, 1097.753225, 1097.753225, 0.000000
1550923526.672553, 234.864059, 359.320160, 228.494131, 228.494131, 1060.925081, 1060.925081, 0.000000
1550923526.678423, 238.601669, 339.638702, 238.734465, 238.734465, 1024.033393, 1024.033393, 0.000000
1550923526.684086, 238.601669, 339.638702, 248.568467, 248.568467, 983.400210, 983.400210, 0.000000
1550923526.695140, 242.090118, 319.922485, 257.977776, 257.977776, 940.930907, 940.930907, 0.000000
1550923526.702174, 242.090118, 319.922485, 266.935526, 266.935526, 895.774984, 895.774984, 0.000000
1550923526.708047, 242.090118, 319.922485, 275.473490, 275.473490, 853.796393, 853.796393, 0.000000
1550923526.713763, 248.314957, 267.142212, 283.363227, 283.363227, 788.973723, 788.973723, 0.000000
1550923526.719348, 248.314957, 267.142212, 290.786386, 290.786386, 742.315904, 742.315904, 0.000000
1550923526.726973, 251.805161, 291.554291, 297.653520, 297.653520, 686.713400, 686.713400, 0.000000
1550923526.732240, 251.805161, 291.554291, 303.964245, 303.964245, 631.072485, 631.072485, 0.000000
1550923526.737731, 251.805161, 291.554291, 309.733150, 309.733150, 576.890537, 576.890537, 0.000000
1550923526.743514, 255.032074, 262.908142, 314.865847, 314.865847, 513.269704, 513.269704, 0.000000
1550923526.749262, 256.363892, 224.330780, 319.322995, 319.322995, 445.714766, 445.714766, 0.000000
1550923526.754818, 256.363892, 224.330780, 323.096236, 323.096236, 377.324103, 377.324103, 0.000000
1550923526.760208, 256.363892, 224.330780, 326.296471, 326.296471, 320.023506, 320.023506, 0.000000
1550923526.765734, 257.643127, 181.396408, 328.662002, 328.662002, 236.553124, 236.553124, 0.000000
1550923526.770980, 257.643127, 181.396408, 330.437496, 330.437496, 177.549405, 177.549405, 0.000000
1550923526.776926, 259.636261, 174.595474, 331.486859, 331.486859, 104.936308, 104.936308, 0.000000
1550923526.782270, 260.827026, 147.103790, 331.927917, 331.927917, 44.105748, 44.105748, 0.000000
1550923526.787674, 260.827026, 147.103790, 331.583313, 331.583313, -34.460399, -150.000000, 0.000000
1550923526.793737, 262.057343, 130.293884, 330.576566, 330.576566, -100.674725, -150.000000, 0.000000
1550923526.799584, 262.057343, 130.293884, 328.862501, 328.862501, -171.406518, -171.406518, 0.000000
1550923526.805062, 262.057343, 130.293884, 326.480358, 326.480358, -238.214281, -238.214281, 0.000000
1550923526.810932, 262.832581, 105.794586, 323.417404, 323.417404, -306.295405, -306.295405, 0.000000
1550923526.816606, 262.832581, 105.794586, 319.725757, 319.725757, -369.164700, -369.164700, 0.000000
1550923526.822109, 263.242340, 80.377983, 315.378495, 315.378495, -434.726125, -434.726125, 0.000000
1550923526.832238, 263.242340, 80.377983, 310.474393, 310.474393, -490.410281, -490.410281, 0.000000
1550923526.837921, 263.383820, 56.021824, 304.981588, 304.981588, -549.280467, -549.280467, 0.000000
1550923526.843421, 263.472687, 38.685719, 298.862542, 298.862542, -611.904583, -611.904583, 0.000000
1550923526.849176, 263.472687, 38.685719, 292.202956, 292.202956, -665.958624, -665.958624, 0.000000
1550923526.854647, 263.472687, 38.685719, 285.101358, 285.101358, -710.159809, -710.159809, 0.000000
1550923526.859930, 263.256042, 18.730394, 277.491689, 277.491689, -760.966834, -760.966834, 0.000000
1550923526.865400, 263.256042, 18.730394, 269.444531, 269.444531, -804.715825, -804.715825, 0.000000
1550923526.870759, 262.690918, -4.238305, 261.016084, 261.016084, -842.844763, -842.844763, 0.000000
1550923526.876327, 262.690918, -4.238305, 252.211827, 252.211827, -880.425627, -880.425627, 0.000000
1550923526.881935, 261.638306, -33.099033, 242.977877, 242.977877, -923.395024, -923.395024, 0.000000
1550923526.887331, 261.638306, -33.099033, 233.499651, 233.499651, -947.822646, -947.822646, 0.000000
1550923526.893202, 259.947174, -70.221405, 223.805118, 223.805118, -969.453308, -969.453308, 0.000000
1550923526.899128, 259.947174, -70.221405, 213.790712, 213.790712, -1001.440518, -1001.440518, 0.000000
1550923526.904478, 259.947174, -70.221405, 203.617646, 203.617646, -1017.306594, -1017.306594, 0.000000
1550923526.910458, 257.696564, -110.240295, 193.189897, 193.189897, -1042.774897, -1042.774897, 0.000000
1550923526.915752, 254.574371, -161.103577, 182.495809, 182.495809, -1069.408830, -1069.408830, 0.000000
1550923526.921063, 254.574371, -161.103577, 171.698505, 171.698505, -1079.730458, -1079.730458, 0.000000
1550923526.926472, 254.574371, -161.103577, 160.802382, 160.802382, -1089.612299, -1089.612299, 0.000000
1550923526.931790, 251.107895, -200.727402, 149.813452, 149.813452, -1098.892944, -1098.892944, 0.000000
1550923526.937680, 251.107895, -200.727402, 138.420876, 138.420876, -1139.257576, -1139.257576, 0.000000
1550923526.943071, 247.913818, -225.754959, 126.919553, 126.919553, -1150.132293, -1150.132293, 0.000000
1550923526.949026, 247.913818, -225.754959, 115.341549, 115.341549, -1157.800457, -1157.800457, 0.000000
1550923526.954460, 243.950684, -259.880280, 103.697590, 103.697590, -1164.395930, -1164.395930, 0.000000
1550923526.959973, 243.950684, -259.880280, 91.819436, 91.819436, -1187.815319, -1187.815319, 0.000000
1550923526.965266, 239.182617, -304.488220, 79.668538, 79.668538, -1215.089877, -1215.089877, 0.000000
1550923526.970588, 239.182617, -304.488220, 67.425409, 67.425409, -1224.312905, -1224.312905, 0.000000
1550923526.976099, 239.182617, -304.488220, 55.016614, 55.016614, -1240.879474, -1240.879474, 0.000000
1550923526.981451, 233.827682, -352.066467, 42.492892, 42.492892, -1252.372135, -1252.372135, 0.000000
1550923526.986948, 233.827682, -352.066467, 29.648590, 29.648590, -1284.430198, -1284.430198, 0.000000
1550923526.992968, 228.247910, -388.418640, 16.510678, 16.510678, -1313.791206, -1313.791206, 0.000000
1550923526.998930, 228.247910, -388.418640, 3.339350, 3.339350, -1317.132857, -1317.132857, 0.000000
1550923527.004247, 222.189087, -425.116577, -10.137635, -20.000000, -1347.698477, -1347.698477, 0.000000
1550923527.010310, 222.189087, -425.116577, -23.814521, -23.814521, -1367.688643, -1367.688643, 0.000000
1550923527.015898, 215.786102, -459.348358, -37.878103, -37.878103, -1406.358136, -1406.358136, 0.000000
1550923527.021214, 215.786102, -459.348358, -52.166825, -52.166825, -1428.872258, -1428.872258, 0.000000
1550923527.026490, 215.786102, -459.348358, -66.606579, -66.606579, -1443.975418, -1443.975418, 0.000000
1550923527.031833, 209.414841, -479.996490, -81.350022, -81.350022, -1474.344261, -1474.344261, 0.000000
1550923527.037141, 209.414841, -479.996490, -96.216465, -96.216465, -1486.644324, -1486.644324, 0.000000
1550923527.042454, 203.195145, -488.930573, -111.313295, -111.313295, -1509.682982, -1509.682982, 0.000000
1550923527.048322, 203.195145, -488.930573, -126.519428, -126.519428, -1520.613277, -1520.613277, 0.000000
1550923527.053782, 196.725662, -502.373077, -141.910267, -141.910267, -1539.083876, -1539.083876, 0.000000
1550923527.059432, 196.725662, -502.373077, -157.476083, -157.476083, -1556.581652, -1556.581652, 0.000000
1550923527.065091, 190.372467, -507.557404, -173.165542, -173.165542, -1568.945844, -1568.945844, 0.000000
1550923527.070654, 190.372467, -507.557404, -188.876097, -188.876097, -1571.055500, -1571.055500, 0.000000
1550923527.076244, 190.372467, -507.557404, -204.581932, -204.581932, -1570.583495, -1570.583495, 0.000000
1550923527.081847, 190.372467, -507.557404, -220.288887, -220.288887, -1570.695559, -1570.695559, 0.000000
1550923527.087164, 184.318283, -502.063232, -235.935607, -235.935607, -1564.671981, -1564.671981, 0.000000
1550923527.094049, 184.318283, -502.063232, -251.416496, -251.416496, -1548.088915, -1548.088915, 0.000000
1550923527.099549, 178.979752, -469.320648, -266.655611, -266.655611, -1523.911539, -1523.911539, 0.000000
1550923527.104875, 178.979752, -469.320648, -281.617978, -281.617978, -1496.236645, -1496.236645, 0.000000
1550923527.110382, 174.947479, -417.636841, -296.162458, -296.162458, -1454.448054, -1454.448054, 0.000000
1550923527.115754, 174.947479, -417.636841, -310.379630, -310.379630, -1421.717138, -1421.717138, 0.000000
1550923527.121643, 172.435623, -349.731628, -323.866430, -323.866430, -1348.679996, -1348.679996, 0.000000
1550923527.127083, 172.435623, -349.731628, -336.870929, -336.870929, -1300.449959, -1300.449959, 0.000000
1550923527.133134, 171.109695, -263.830872, -349.050663, -349.050663, -1217.973362, -1217.973362, 0.000000
1550923527.138915, 170.973358, -174.225754, -360.307775, -360.307775, -1125.711171, -1125.711171, 0.000000
1550923527.144844, 170.973358, -174.225754, -370.748254, -370.748254, -1044.047925, -1044.047925, 0.000000
