time, a_x, a_y, a_z, g_x, g_y, g_z 
1572191786.624713, 0.870605, -0.455566, 0.271484, 0.366211, 0.122070, 2.380371
1572191786.634454, 0.860840, -0.462891, 0.269043, -0.793457, -0.793457, -0.366211
1572191786.649830, 0.874023, -0.465332, 0.261719, -0.610352, -0.854492, 1.159668
1572191786.661788, 0.854004, -0.466797, 0.260742, -0.244141, -0.305176, 1.220703
1572191786.679036, 0.866699, -0.455566, 0.258789, -0.366211, -0.061035, 0.305176
1572191786.688663, 0.864746, -0.463379, 0.263184, -0.183105, -0.183105, 1.098633
1572191786.705426, 0.865234, -0.458496, 0.269531, -0.305176, -0.366211, 0.976562
1572191786.716675, 0.867676, -0.464355, 0.265137, -0.366211, -0.488281, 1.037598
1572191786.730920, 0.862793, -0.466309, 0.266113, -0.061035, -0.244141, 0.732422
1572191786.742633, 0.865723, -0.453125, 0.274414, -0.305176, -0.427246, 1.159668
1572191786.755803, 0.860840, -0.464355, 0.269531, -0.610352, -0.793457, 0.610352
1572191786.768882, 0.863281, -0.458496, 0.265625, -0.366211, -0.610352, 0.793457
1572191786.782360, 0.866699, -0.462402, 0.265137, -0.305176, -0.427246, 0.976562
1572191786.797730, 0.866211, -0.462891, 0.267578, -0.305176, -0.366211, 0.671387
1572191786.809870, 0.864746, -0.464844, 0.251953, -0.305176, -0.366211, 1.037598
1572191786.823685, 0.860840, -0.463867, 0.272461, -0.305176, -0.366211, 0.976562
1572191786.836669, 0.865723, -0.466309, 0.260742, -0.244141, -0.366211, 0.854492
1572191786.851301, 0.872070, -0.466309, 0.265625, -0.183105, -0.366211, 0.793457
1572191786.863281, 0.869141, -0.462402, 0.266113, -0.305176, -0.366211, 0.976562
1572191786.877712, 0.865234, -0.466309, 0.270508, -0.305176, -0.305176, 0.915527
1572191786.890798, 0.862793, -0.455078, 0.267090, -0.183105, -0.244141, 0.976562
1572191786.903901, 0.865234, -0.463379, 0.259766, -0.122070, -0.244141, 0.976562
1572191786.916825, 0.864746, -0.458496, 0.269043, -0.183105, -0.427246, 0.976562
1572191786.931543, 0.863770, -0.462891, 0.262207, -0.305176, -0.427246, 0.854492
1572191786.943780, 0.864746, -0.458008, 0.250977, -0.305176, -0.610352, 0.793457
1572191786.958457, 0.873047, -0.460938, 0.263672, -0.366211, -0.732422, 1.037598
1572191786.972306, 0.863770, -0.463867, 0.263672, -0.488281, -0.732422, 0.732422
1572191786.985005, 0.863281, -0.460938, 0.271484, -0.244141, -0.549316, 1.037598
1572191786.999286, 0.865234, -0.461914, 0.272461, -0.427246, -0.427246, 0.610352
1572191787.014730, 0.867188, -0.458008, 0.262695, -0.427246, -0.366211, 0.915527
1572191787.028066, 0.861328, -0.463867, 0.264160, -0.305176, -0.488281, 0.854492
1572191787.039053, 0.864258, -0.459961, 0.265625, -0.305176, -0.183105, 0.793457
1572191787.055781, 0.864746, -0.459961, 0.270996, -0.183105, -0.305176, 0.793457
1572191787.066129, 0.864746, -0.462402, 0.260742, -0.244141, -0.549316, 1.098633
1572191787.083642, 0.862793, -0.452148, 0.262695, -0.244141, -0.244141, 0.732422
1572191787.095820, 0.864746, -0.460449, 0.273438, -0.305176, -0.549316, 0.976562
1572191787.106914, 0.866699, -0.462891, 0.257812, -0.427246, -0.488281, 0.915527
1572191787.118257, 0.862305, -0.463379, 0.281738, -0.305176, -0.305176, 0.915527
1572191787.132721, 0.866211, -0.458496, 0.261230, -0.305176, -0.488281, 1.037598
1572191787.147089, 0.866211, -0.462402, 0.269531, -0.183105, -0.244141, 0.732422
1572191787.159505, 0.868652, -0.459961, 0.265137, -0.244141, -0.366211, 0.976562
1572191787.173981, 0.866211, -0.460449, 0.261230, -0.427246, -0.549316, 0.732422
1572191787.186306, 0.860840, -0.461426, 0.265137, -0.427246, -0.427246, 0.854492
1572191787.199839, 0.867188, -0.456543, 0.264160, -0.305176, -0.244141, 0.976562
1572191787.219465, 0.862305, -0.457520, 0.274902, -0.244141, -0.366211, 0.854492
1572191787.227065, 0.868652, -0.457520, 0.261719, -0.305176, -0.366211, 0.915527
1572191787.240228, 0.861328, -0.463379, 0.276367, -0.244141, -0.305176, 0.793457
1572191787.253364, 0.867676, -0.456055, 0.268555, -0.305176, -0.488281, 0.976562
1572191787.266940, 0.863770, -0.462402, 0.270996, -0.427246, -0.732422, 0.976562
1572191787.280262, 0.869141, -0.456543, 0.266602, -0.183105, -0.549316, 0.854492
1572191787.293990, 0.865723, -0.464844, 0.261230, -0.427246, -0.549316, 0.976562
1572191787.307346, 0.864258, -0.467285, 0.263672, -0.366211, -0.427246, 0.732422
1572191787.320398, 0.863770, -0.458984, 0.263184, -0.183105, -0.549316, 1.037598
1572191787.335066, 0.859863, -0.464844, 0.269043, -0.244141, -0.305176, 0.915527
1572191787.348216, 0.867676, -0.462402, 0.273438, -0.122070, -0.305176, 0.793457
1572191787.362501, 0.858398, -0.463867, 0.265625, -0.183105, -0.061035, 0.976562
1572191787.374810, 0.866211, -0.458008, 0.262695, -0.305176, -0.244141, 0.732422
1572191787.392431, 0.868164, -0.462891, 0.269531, -0.122070, -0.244141, 0.976562
1572191787.423378, 0.866211, -0.459473, 0.267090, -0.244141, -0.244141, 0.915527
1572191787.426632, 0.857910, -0.458496, 0.266602, -0.183105, -0.549316, 0.976562
1572191787.432978, 0.867676, -0.459961, 0.279297, -0.244141, -0.549316, 0.915527
1572191787.442543, 0.872559, -0.463867, 0.266602, -0.427246, -0.427246, 0.793457
1572191787.458908, 0.865723, -0.468262, 0.268066, -0.244141, -0.427246, 0.793457
1572191787.470195, 0.870605, -0.463379, 0.265625, -0.244141, -0.427246, 0.793457
1572191787.484694, 0.867188, -0.461914, 0.272949, -0.366211, -0.366211, 0.915527
1572191787.498393, 0.857422, -0.459961, 0.262695, -0.244141, -0.488281, 0.854492
1572191787.510272, 0.869629, -0.458496, 0.268066, -0.244141, -0.427246, 0.793457
1572191787.532510, 0.004395, -0.839844, 0.170898, -13.366699, 8.728027, -11.535645
1572191787.536940, 0.565430, -0.800781, 0.319824, 1.525879, -51.452637, -214.233398
1572191787.550239, 1.417969, -0.543457, 1.306641, 62.927246, -40.771484, -140.930176
1572191787.567915, 0.706055, 0.070801, 0.500000, -137.023926, -166.137695, -66.528320
1572191787.576935, 0.819336, -0.386230, -1.015137, -61.279297, -56.762695, -122.375488
1572191787.595335, 1.009766, -0.476074, 0.276367, 18.920898, 12.451172, -168.701172
1572191787.607634, 1.305664, -0.654785, 0.497559, 81.665039, -55.480957, -85.327148
1572191787.619990, 0.581543, -0.266113, -0.041992, 32.653809, -33.874512, -54.077148
1572191787.631296, 1.356445, -0.361816, 0.077637, 6.408691, 79.162598, -180.603027
1572191787.644434, 1.172852, -0.258789, 0.523926, -34.362793, -8.911133, -184.143066
1572191787.657042, 0.860840, -0.402832, 0.604004, -176.757812, -28.381348, -281.433105
1572191787.671980, 0.760742, -0.232910, 0.769043, -199.890137, 97.534180, -344.970703
1572191787.684383, 0.369141, -0.467773, 0.001465, -192.626953, 225.036621, -236.022949
1572191787.697567, 0.881836, -0.011230, 0.901855, -42.358398, 247.985840, -142.395020
1572191787.711790, 1.432129, 0.104492, 0.117676, -44.250488, 218.383789, -77.880859
1572191787.730316, 1.342285, 0.449707, 0.360840, -145.935059, 116.149902, -3.295898
1572191787.737851, 0.377930, -0.232910, 2.765137, -111.999512, 139.343262, -133.300781
1572191787.752456, 1.326660, 0.329102, -1.500977, 327.819824, -74.829102, 91.613770
1572191787.765628, 0.367188, 0.259277, 1.336914, -77.636719, 2.380371, -10.986328
1572191787.779053, 1.341309, 0.426270, 1.024414, -18.554688, 243.835449, -92.285156
1572191787.791524, 0.747070, 0.519531, 0.778320, -265.441895, 306.213379, -174.377441
1572191787.805875, 0.392090, 0.370605, 1.541992, -132.141113, -398.559570, 28.320312
1572191787.818375, 0.279297, 0.348145, -0.336426, 67.138672, -41.015625, 13.183594
1572191787.832035, 1.186523, 0.175781, 0.157227, -54.199219, -99.487305, 84.777832
1572191787.845665, 0.767090, 0.191895, 0.874512, 22.094727, 8.972168, 27.282715
1572191787.859536, 0.954590, -0.034668, -0.275879, 17.456055, 95.825195, 37.658691
1572191787.875055, 0.816406, 0.094238, 0.303223, 52.490234, 55.664062, 37.719727
1572191787.885887, 0.572754, 0.022949, 0.298340, -26.062012, 141.845703, 22.583008
1572191787.903083, 1.015137, 0.239746, 0.239258, 32.165527, 88.439941, 17.028809
1572191787.914163, 0.912109, -0.001465, 0.520996, -40.710449, 143.249512, 5.798340
1572191787.932882, 0.635254, 0.090820, 1.335449, -25.756836, 42.297363, 38.513184
1572191787.940551, 0.787109, 0.130859, 0.721680, 114.501953, 38.208008, 50.720215
1572191787.953626, 0.924316, -0.037598, 0.411621, 66.528320, 5.004883, 42.419434
1572191787.966134, 1.339844, 0.093750, 0.324707, 33.325195, 4.455566, 32.470703
1572191787.979472, 1.605957, 0.116211, 0.448730, 11.047363, 69.152832, 47.302246
1572191787.993334, 1.071777, 0.141602, 1.001465, -36.560059, 77.819824, 34.240723
1572191788.006475, 0.715820, 0.007324, 1.047852, -5.126953, 63.964844, 84.045410
1572191788.020928, 0.804199, -0.034180, 1.060059, -24.291992, 45.532227, 48.461914
1572191788.038121, 1.102539, 0.004395, 0.877930, -51.208496, 40.222168, 53.466797
1572191788.051461, 1.265625, 0.017090, 1.099121, -94.055176, 51.940918, 67.993164
1572191788.063776, 1.546387, 0.087891, 1.170898, -113.891602, 50.842285, 104.614258
1572191788.075811, 1.490234, -0.063477, 1.436035, -137.390137, 8.178711, 120.239258
1572191788.090039, 1.484863, -0.217285, 1.533203, -138.610840, -20.446777, 135.559082
1572191788.123241, 1.521973, -0.327148, 1.673340, -162.841797, -53.283691, 139.282227
1572191788.139951, 1.668457, -0.374512, 1.665039, -174.072266, -77.697754, 155.395508
1572191788.147281, 1.640625, -0.443359, 1.663086, -177.856445, -89.721680, 176.269531
1572191788.147379, 1.504395, -0.534668, 1.684082, -197.814941, -121.215820, 177.673340
1572191788.157163, 1.339355, -0.585449, 1.448242, -196.655273, -153.564453, 169.616699
1572191788.168457, 1.089355, -0.669922, 1.369141, -188.476562, -181.518555, 149.658203
1572191788.181945, 0.873047, -0.738770, 1.258789, -188.354492, -217.834473, 106.689453
1572191788.196487, 0.702148, -0.734375, 1.080566, -174.011230, -264.404297, 58.715820
1572191788.210002, 0.358398, -0.599121, 0.786133, -139.831543, -322.326660, -2.014160
1572191788.223457, 0.366211, -0.187012, 0.717285, -129.699707, -304.565430, 10.314941
1572191788.235607, -0.101562, 0.235840, 0.289551, -143.615723, -290.222168, 25.329590
1572191788.249240, -0.230957, 0.673340, -0.625977, -147.705078, -238.403320, 64.392090
1572191788.263423, -0.903320, 0.645996, -1.132812, -148.803711, -157.409668, 108.215332
1572191788.276766, -1.632324, 0.504395, -1.603516, -148.864746, -123.352051, 57.556152
1572191788.291301, -2.367676, 0.319824, -1.750000, -53.466797, -37.414551, -11.840820
1572191788.303556, -2.508789, 0.251465, -1.956543, 23.864746, 45.593262, -65.917969
1572191788.317544, -2.354004, 0.314941, -1.835449, 104.187012, 156.005859, -118.347168
1572191788.329722, -1.833984, 0.548828, -1.414062, 167.480469, 263.671875, -143.371582
1572191788.344571, -1.260742, 0.706055, -0.850586, 184.814453, 336.914062, -164.550781
1572191788.358071, -0.603516, 0.786621, -0.565430, 215.087891, 390.075684, -165.100098
1572191788.373934, -0.127930, 0.648926, 0.298828, 227.600098, 412.414551, -175.781250
1572191788.388112, 0.428711, 0.487793, 1.025391, 278.076172, 369.873047, -210.144043
1572191788.399095, 1.292480, 0.453613, 1.815430, 345.581055, 269.653320, -252.990723
1572191788.418495, 2.471191, 0.722168, 2.493652, 369.262695, 174.377441, -258.911133
1572191788.441175, 3.557129, 0.881348, 3.004395, 304.687500, 83.618164, -203.918457
1572191788.460368, 4.168457, 0.837402, 3.265625, 210.144043, 12.390137, -107.971191
1572191788.472824, 4.166016, 0.633789, 3.392090, 135.314941, -47.363281, -11.230469
1572191788.477010, 4.033203, 0.466309, 3.192383, 88.684082, -125.671387, 77.941895
1572191788.486110, 3.519043, 0.436523, 3.010254, 7.934570, -177.978516, 144.104004
1572191788.502000, 3.065918, 0.401855, 2.715332, -51.635742, -184.814453, 224.670410
1572191788.531504, 2.557617, 0.338379, 2.414062, -106.750488, -193.481445, 286.315918
1572191788.541197, 1.863770, 0.218750, 2.038574, -156.005859, -218.322754, 328.613281
1572191788.549618, 0.444336, 0.342285, 0.911133, -177.246094, -304.321289, 350.952148
1572191788.560474, -0.434570, 0.551270, 0.291016, -176.208496, -342.590332, 362.548828
1572191788.573793, -1.651855, 0.649414, -0.339844, -204.650879, -354.614258, 324.829102
1572191788.587301, -2.842285, 0.381836, -1.241699, -161.621094, -338.745117, 297.058105
1572191788.601770, -4.269043, -0.177246, -1.820801, -35.339355, -217.895508, 242.248535
1572191788.620110, -4.944824, -0.568359, -2.527344, 60.607910, -61.279297, 63.720703
1572191788.628692, -4.456543, -0.472656, -1.869629, 110.046387, 64.636230, -109.741211
1572191788.644787, -3.090332, 0.163574, -1.481445, 65.063477, 201.721191, -230.224609
1572191788.654836, -1.870117, 0.554199, -0.858398, 24.047852, 311.401367, -244.995117
1572191788.669039, -0.910156, 0.622559, -0.556152, 24.597168, 399.841309, -235.778809
1572191788.681894, -0.184570, 0.612305, -0.145020, 121.093750, 449.829102, -198.425293
1572191788.695113, 0.743164, 0.478027, 0.786133, 185.974121, 394.104004, -147.766113
1572191788.708343, 1.360840, 0.243652, 1.259277, 219.116211, 326.538086, -130.615234
1572191788.721954, 1.914551, 0.067871, 1.995117, 182.983398, 260.375977, -106.689453
1572191788.735363, 2.184082, -0.078125, 2.206055, 148.864746, 200.317383, -83.251953
1572191788.754064, 2.169922, -0.209473, 2.229980, 82.946777, 168.823242, -47.119141
1572191788.761746, 1.927246, -0.324707, 1.973145, 39.611816, 144.226074, -30.090332
1572191788.778386, 1.701172, -0.378906, 1.623535, 32.470703, 126.342773, -20.874023
1572191788.789447, 1.410156, -0.436523, 1.430176, 43.884277, 112.121582, -25.573730
1572191788.801777, 1.164551, -0.466797, 1.283691, 51.086426, 93.627930, -47.180176
1572191788.816547, 1.050781, -0.447754, 1.299316, 54.077148, 79.101562, -65.124512
1572191788.828860, 1.040527, -0.397949, 1.391113, 50.109863, 58.532715, -74.707031
1572191788.842322, 1.137695, -0.291992, 1.292969, 37.536621, 37.292480, -81.115723
1572191788.856168, 1.230957, -0.174316, 1.165527, 30.944824, 26.428223, -76.171875
1572191788.870310, 1.263184, -0.095215, 1.078613, 31.433105, 28.015137, -57.983398
1572191788.902219, 1.223145, -0.073242, 1.042480, 25.512695, 28.564453, -33.142090
1572191788.912567, 1.109375, -0.113281, 0.974609, 15.380859, 20.690918, -11.779785
1572191788.915849, 0.970703, -0.135254, 0.869629, 3.967285, 10.253906, 0.732422
1572191788.927622, 0.822266, -0.162598, 0.735840, -1.525879, 2.380371, 3.845215
1572191788.937405, 0.694336, -0.176270, 0.608398, 0.610352, -2.868652, 2.502441
1572191788.957290, 0.598145, -0.202148, 0.517578, 10.437012, -3.051758, -1.770020
1572191788.973039, 0.535645, -0.210938, 0.443359, 12.573242, 4.272461, -5.798340
1572191788.985270, 0.469238, -0.232910, 0.404785, 15.563965, 21.606445, -10.070801
1572191788.991449, 0.445801, -0.255371, 0.411133, 19.592285, 46.386719, -21.362305
1572191789.004629, 0.518555, -0.258789, 0.622559, 18.737793, 72.448730, -43.090820
1572191789.016877, 0.748047, -0.248047, 0.980469, 33.325195, 95.520020, -66.040039
1572191789.031502, 1.156250, -0.156738, 1.550781, 50.964355, 89.233398, -94.787598
1572191789.043917, 1.762695, 0.051270, 2.372559, 84.045410, 43.945312, -109.619141
1572191789.067879, 2.396973, 0.232422, 2.925781, 93.505859, -52.246094, -77.087402
1572191789.098811, 2.913574, 0.439453, 3.278809, 62.377930, -160.583496, -15.930176
1572191789.106551, 2.944336, 0.501465, 3.495117, 5.493164, -224.304199, 56.213379
1572191789.111350, 1.769043, 0.324219, 3.264160, -151.062012, -312.133789, 193.969727
1572191789.131574, 1.119141, 0.240234, 2.889160, -210.754395, -315.612793, 230.224609
1572191789.141453, 0.608887, 0.139648, 2.467773, -244.262695, -331.359863, 235.046387
1572191789.153764, 0.228027, 0.071777, 2.199219, -237.487793, -384.155273, 220.031738
1572191789.166435, 0.019043, 0.167480, 1.758789, -213.439941, -447.326660, 198.242188
1572191789.179935, -0.228027, 0.434570, 1.289551, -228.637695, -472.961426, 176.452637
1572191789.191978, -0.275879, 0.743164, 0.981445, -228.942871, -454.101562, 236.511230
1572191789.206658, -0.841797, 0.850098, 0.312500, -241.882324, -421.997070, 264.892578
1572191789.219680, -1.458984, 0.862793, -0.698242, -284.851074, -396.667480, 223.937988
1572191789.233367, -2.067871, 0.582520, -1.698730, -219.726562, -323.059082, 197.448730
1572191789.245646, -2.468750, 0.310059, -2.285645, -146.057129, -238.342285, 118.347168
1572191789.260147, -2.124512, 0.148926, -2.255371, -69.396973, -119.628906, 47.912598
1572191789.272827, -1.579102, 0.127441, -1.912598, -5.004883, -41.320801, -6.042480
1572191789.286185, -0.961426, 0.182129, -1.489746, -8.117676, 13.366699, -40.954590
1572191789.300738, -0.625000, 0.106445, -1.108887, -8.117676, 44.921875, -54.809570
1572191789.313406, -0.167480, -0.020020, -0.905762, 7.690430, 40.039062, -49.987793
1572191789.336848, 0.122070, -0.108887, -0.628906, 9.033203, 53.710938, -53.100586
1572191789.339920, 0.429199, -0.204590, -0.558105, 25.207520, 61.767578, -39.001465
1572191789.353958, 0.645020, -0.286133, -0.373047, 31.066895, 65.917969, -30.822754
1572191789.367206, 0.803711, -0.389648, -0.166016, 32.836914, 62.011719, -19.226074
1572191789.381927, 0.935059, -0.450195, -0.104492, 34.423828, 46.447754, -9.521484
1572191789.394398, 1.003906, -0.478516, -0.078613, 33.020020, 30.456543, -1.281738
1572191789.410834, 1.021973, -0.497070, -0.089355, 25.451660, 24.414062, 15.625000
1572191789.420800, 0.923828, -0.514648, -0.127441, 11.718750, 22.521973, 31.555176
1572191789.439577, 0.725098, -0.506348, -0.223633, 1.647949, 20.690918, 39.550781
1572191789.454166, 0.507324, -0.487793, -0.340332, 4.211426, 23.254395, 42.663574
1572191789.462848, 0.247559, -0.427246, -0.461426, 8.972168, 23.132324, 37.597656
1572191789.475487, -0.047852, -0.321777, -0.554199, 11.962891, 24.780273, 29.968262
1572191789.487884, -0.406250, -0.225586, -0.802246, 19.958496, 35.705566, 17.578125
1572191789.502115, -0.780762, -0.229492, -0.921875, 28.442383, 71.228027, 10.070801
1572191789.514801, -1.071777, -0.085449, -1.162109, 52.246094, 106.445312, -16.723633
1572191789.529405, -1.345215, 0.025879, -1.085938, 61.645508, 189.208984, -47.546387
1572191789.542754, -1.307617, 0.198730, -1.306641, 92.224121, 264.038086, -58.898926
1572191789.556387, -1.211426, 0.291504, -1.237305, 96.374512, 371.032715, -70.251465
1572191789.573034, -1.038574, 0.303223, -0.908691, 118.530273, 473.022461, -81.848145
1572191789.582108, -0.707031, 0.345215, -0.056641, 153.015137, 540.344238, -90.515137
1572191789.595747, -0.273926, 0.170898, 0.900391, 186.279297, 527.587891, -96.984863
1572191789.609155, 0.239746, -0.029785, 1.914062, 201.477051, 452.636719, -112.670898
1572191789.622486, 0.970215, -0.230469, 2.749512, 234.130859, 329.895020, -113.830566
1572191789.645876, 1.628418, -0.356934, 2.838379, 229.431152, 235.961914, -96.252441
1572191789.648908, 1.734375, -0.485840, 2.798828, 179.077148, 167.419434, -79.956055
1572191789.730016, 1.537598, -0.539551, 2.603516, 172.973633, 141.906738, -45.227051
1572191789.802169, 1.327637, -0.689453, 2.337402, 146.118164, 125.244141, -33.874512
1572191789.804868, 1.062988, -0.694824, 2.128906, 104.980469, 99.304199, -55.114746
1572191789.808888, 0.910645, -0.063965, 0.973145, -16.967773, -5.737305, -5.065918
1572191789.823409, 0.954590, -0.068359, 1.032715, 2.136230, -13.183594, -9.338379
1572191789.836818, 1.091309, -0.082520, 1.151855, 2.319336, -24.780273, -14.221191
1572191789.849839, 1.260254, -0.077148, 1.451660, -4.394531, -41.137695, -13.671875
1572191789.871540, 1.447266, -0.106445, 1.870117, -17.822266, -64.880371, -16.967773
1572191789.880153, 1.765625, -0.087891, 2.269531, -38.940430, -93.933105, -4.516602
1572191789.889003, 1.964355, -0.024902, 2.633789, -54.382324, -149.230957, 20.812988
1572191789.924189, 2.020020, 0.057129, 2.553711, -78.796387, -205.688477, 62.316895
1572191789.929444, 1.824707, 0.202148, 2.220703, -119.384766, -244.262695, 105.895996
1572191789.931138, 1.490234, 0.342285, 1.789062, -145.935059, -256.958008, 161.193848
1572191789.943733, 1.128906, 0.461426, 1.381348, -188.476562, -262.329102, 213.623047
1572191789.955748, 0.530762, 0.594727, 0.758301, -211.059570, -272.338867, 259.033203
1572191789.969566, -0.162598, 0.747559, -0.083496, -214.843750, -291.564941, 276.367188
1572191789.982801, -0.769531, 0.812988, -0.944824, -206.848145, -257.751465, 271.484375
1572191789.996141, -1.676758, 0.638184, -2.106445, -143.127441, -196.411133, 286.499023
1572191790.009601, -2.610840, 0.018555, -2.610840, -87.219238, -114.685059, 253.051758
1572191790.024889, -3.251953, -0.553711, -2.949707, -11.779785, -23.193359, 125.366211
1572191790.037332, -3.146484, -0.640625, -2.794434, 86.608887, 61.706543, -52.612305
1572191790.053076, -2.087891, -0.145996, -1.991211, 155.700684, 187.011719, -143.493652
1572191790.063004, -1.094238, 0.215332, -0.987793, 132.141113, 279.113770, -173.461914
1572191790.077389, -0.373047, 0.301270, -0.007812, 123.596191, 354.553223, -155.151367
1572191790.090978, 0.116211, 0.180664, 0.872559, 134.277344, 355.285645, -134.094238
1572191790.104453, 0.674805, -0.120117, 1.671387, 139.282227, 275.634766, -138.977051
1572191790.117707, 1.411133, -0.316895, 2.502930, 183.654785, 174.072266, -151.794434
1572191790.131193, 2.276855, -0.397949, 3.080566, 187.561035, 77.331543, -157.897949
1572191790.144681, 3.160645, -0.328613, 3.561035, 139.221191, 4.333496, -121.582031
1572191790.158790, 3.629395, -0.305664, 3.735840, 41.564941, -36.621094, -58.471680
1572191790.170050, 3.723633, -0.269531, 3.711426, -40.039062, -59.753418, 30.151367
1572191790.187039, 3.233398, -0.317871, 3.354980, -107.299805, -94.665527, 113.403320
1572191790.197961, 2.518555, -0.412109, 2.891602, -162.414551, -133.178711, 161.132812
1572191790.210691, 1.789551, -0.511719, 2.386230, -187.500000, -165.893555, 179.687500
1572191790.224776, 1.181641, -0.568848, 2.044922, -209.228516, -193.237305, 172.973633
1572191790.238254, 0.799316, -0.546387, 1.904297, -226.684570, -219.726562, 162.597656
1572191790.259891, 0.469238, -0.452637, 1.505371, -234.069824, -239.196777, 166.870117
1572191790.283814, 0.074219, -0.288086, 1.009766, -249.633789, -254.516602, 162.841797
1572191790.294968, -0.504395, -0.051270, 0.435059, -257.690430, -250.488281, 155.212402
1572191790.296535, -0.996582, 0.154297, -0.313965, -256.408691, -257.019043, 129.821777
1572191790.306121, -1.266113, 0.322754, -0.970215, -232.971191, -245.727539, 93.872070
1572191790.318410, -1.350586, 0.414551, -1.476074, -175.903320, -223.571777, 64.208984
1572191790.331607, -1.353027, 0.588867, -1.670410, -137.207031, -198.242188, 31.677246
1572191790.345096, -1.276367, 0.825195, -1.944824, -106.079102, -170.654297, 14.770508
1572191790.360801, -1.270996, 0.938477, -2.191895, -63.964844, -108.215332, 14.648438
1572191790.371921, -1.383301, 0.931641, -2.185059, -19.531250, -39.245605, 15.686035
1572191790.386652, -1.480957, 0.771484, -2.222168, 35.583496, 46.386719, 4.028320
1572191790.399851, -1.462402, 0.677734, -2.031738, 98.999023, 136.535645, -13.610840
1572191790.415355, -1.274902, 0.662598, -1.727539, 141.906738, 223.083496, -28.259277
1572191790.426838, -0.995117, 0.660156, -1.346191, 173.889160, 307.678223, -30.212402
1572191790.439850, -0.770508, 0.616211, -0.916504, 193.054199, 390.991211, -12.573242
1572191790.454728, -0.545898, 0.499512, -0.111816, 194.702148, 443.603516, 1.525879
1572191790.467252, -0.329102, 0.201660, 0.703613, 208.496094, 444.335938, 17.639160
1572191790.480434, -0.046387, -0.233398, 1.616699, 228.210449, 384.948730, 9.094238
1572191790.495219, 0.630371, -0.580078, 2.355957, 239.379883, 294.494629, 15.441895
1572191790.507339, 0.961914, -0.883789, 2.404785, 233.947754, 231.994629, 29.602051
1572191790.521724, 1.090820, -1.216309, 2.542969, 197.387695, 162.414551, 17.089844
1572191790.533949, 1.182129, -1.460938, 2.746582, 169.799805, 137.329102, 20.019531
1572191790.548153, 1.115234, -1.597168, 2.753418, 129.638672, 112.731934, 10.192871
1572191790.565095, 1.083984, -1.649902, 2.695801, 89.538574, 98.754883, -11.657715
1572191790.576445, 1.199707, -1.681152, 2.801758, 59.631348, 93.200684, -33.935547
1572191790.589536, 1.373535, -1.665527, 3.171875, 30.273438, 50.720215, -54.199219
1572191790.606535, 1.750488, -1.615234, 3.438965, -10.925293, -20.080566, -64.147949
1572191790.614946, 1.964844, -1.543945, 3.406738, -43.640137, -90.454102, -57.861328
1572191790.628954, 2.020508, -1.429688, 3.319336, -78.979492, -142.883301, -41.809082
1572191790.640906, 1.835938, -1.371582, 3.274414, -115.722656, -187.011719, -24.658203
1572191790.655314, 1.596680, -1.290039, 3.208008, -155.578613, -237.548828, -14.038086
1572191790.669819, 1.370117, -1.077148, 2.989258, -200.805664, -287.597656, -2.197266
1572191790.681486, 0.976562, -0.833008, 2.471680, -236.999512, -325.439453, 5.249023
1572191790.699645, 0.629883, -0.565918, 1.989746, -247.253418, -342.163086, 14.160156
1572191790.709554, 0.291016, -0.257324, 1.525391, -261.535645, -343.750000, 31.127930
1572191790.722696, -0.013672, 0.038086, 1.131836, -275.878906, -341.674805, 59.936523
1572191790.736004, -0.407715, 0.250977, 0.650391, -296.203613, -325.805664, 69.152832
1572191790.749198, -0.880371, 0.341309, -0.001465, -278.503418, -331.542969, 60.363770
1572191790.762333, -1.124023, 0.424316, -0.515625, -255.126953, -310.607910, 34.851074
1572191790.775534, -1.166992, 0.526367, -0.886719, -220.764160, -291.809082, 3.540039
1572191790.792265, -1.085938, 0.642090, -1.240723, -182.556152, -275.451660, -25.085449
1572191790.804382, -0.948730, 0.796875, -1.415039, -141.113281, -250.366211, -33.020020
1572191790.816901, -0.855469, 0.888184, -1.541016, -110.656738, -214.233398, -27.954102
1572191790.829815, -0.815918, 0.929199, -1.648438, -81.298828, -170.471191, -11.901855
1572191790.843195, -0.861328, 0.831543, -1.686523, -42.236328, -117.309570, 3.051758
1572191790.857988, -0.894531, 0.720215, -1.681641, -13.183594, -70.983887, 8.728027
1572191790.873027, -0.968750, 0.562500, -1.563477, 16.784668, -36.865234, 3.173828
1572191790.883869, -1.092285, 0.500000, -1.387695, 44.555664, 3.051758, -20.629883
1572191790.897697, -1.055664, 0.510742, -1.346191, 74.340820, 28.869629, -43.823242
1572191790.912367, -1.049316, 0.561035, -1.304688, 99.609375, 60.119629, -63.354492
1572191790.930813, -1.034668, 0.627441, -1.305664, 124.145508, 101.745605, -76.293945
1572191790.939303, -1.075684, 0.653809, -1.333984, 165.466309, 153.564453, -82.458496
1572191790.954667, -1.123535, 0.678711, -1.293457, 196.533203, 216.247559, -88.684082
1572191790.977191, -1.141113, 0.669434, -1.219727, 228.637695, 293.884277, -96.374512
1572191790.979041, -1.083984, 0.636230, -0.992188, 267.883301, 386.718750, -99.487305
1572191790.992160, -0.993652, 0.520508, -0.580566, 322.021484, 482.482910, -109.619141
1572191791.007656, -0.888184, 0.298828, 0.493164, 339.355469, 532.592773, -151.794434
1572191791.032669, -0.407715, 0.187988, 1.474121, 353.576660, 544.189453, -191.162109
1572191791.041607, 0.109375, 0.011230, 3.347168, 353.942871, 483.764648, -220.214844
1572191791.056217, 1.593262, -0.360352, 4.516602, 276.733398, 347.351074, -174.926758
1572191791.069750, 2.700684, -0.500000, 4.027344, 197.265625, 213.378906, -89.599609
1572191791.114503, 2.431641, -0.598633, 3.225098, 152.954102, 116.638184, -42.053223
1572191791.121784, 1.946289, -0.633301, 2.398438, 97.900391, 68.420410, -13.244629
1572191791.123061, 1.183105, -0.680176, 1.875488, 83.068848, 56.762695, -21.301270
1572191791.127731, 1.236816, -0.508789, 1.522461, 58.837891, 40.466309, -35.400391
1572191791.142125, 1.221680, -0.397949, 1.275391, 34.973145, 34.667969, -40.832520
1572191791.154356, 1.209473, -0.295898, 1.118652, 27.465820, 36.437988, -45.104980
1572191791.166746, 1.196289, -0.202148, 0.994141, 26.794434, 47.241211, -38.208008
1572191791.181066, 1.166016, -0.162598, 1.027832, 21.057129, 55.969238, -21.667480
1572191791.193320, 1.106445, -0.187012, 1.118164, 3.356934, 47.729492, -2.441406
1572191791.214581, 1.042969, -0.178223, 0.979492, -5.493164, 28.259277, 12.268066
1572191791.221083, 0.895020, -0.174805, 0.815430, -2.075195, 12.023926, 17.578125
1572191791.237992, 0.799805, -0.198242, 0.753418, 6.835938, 2.441406, 15.197754
1572191791.248055, 0.753418, -0.201172, 0.782715, 11.901855, 2.014160, 10.253906
1572191791.261303, 0.783203, -0.187988, 0.842773, 16.479492, 4.028320, 11.657715
1572191791.273211, 0.856934, -0.169922, 0.874512, 13.854980, 6.958008, 22.216797
1572191791.291069, 0.859375, -0.175781, 0.879883, 0.366211, 9.338379, 38.024902
1572191791.301570, 0.781250, -0.214844, 0.828125, -8.789062, 12.207031, 52.062988
1572191791.315047, 0.675781, -0.256348, 0.756348, -12.695312, 10.864258, 55.541992
1572191791.327317, 0.588867, -0.316406, 0.723633, -3.784180, 5.615234, 51.635742
1572191791.341638, 0.557129, -0.360840, 0.742676, 7.324219, -6.286621, 39.794922
1572191791.356036, 0.595215, -0.384766, 0.718262, 13.977051, -13.854980, 31.921387
1572191791.368729, 0.614258, -0.400879, 0.732910, 15.808105, -13.427734, 31.616211
1572191791.387462, 0.631836, -0.448730, 0.728516, 5.310059, -9.094238, 35.949707
1572191791.397412, 0.605957, -0.538086, 0.685547, 7.873535, -3.967285, 40.039062
1572191791.409185, 0.551270, -0.637207, 0.666992, 9.582520, -3.662109, 38.940430
1572191791.422470, 0.484863, -0.839844, 0.718262, 25.085449, -10.253906, 39.184570
1572191791.438334, 0.299316, -1.118652, 0.955566, 44.494629, -24.597168, 37.231445
1572191791.449184, 0.019043, -1.447754, 1.333984, 46.813965, -27.648926, 26.000977
1572191791.463847, -0.325195, -1.748535, 1.923340, 31.555176, -25.695801, 14.953613
1572191791.475979, -0.844727, -2.096680, 2.488281, 16.174316, -9.643555, -7.446289
1572191791.489408, -1.243652, -2.296387, 2.679199, -64.819336, -10.437012, -61.584473
1572191791.502481, -1.582520, -2.205078, 2.803223, -177.673340, -4.333496, -132.751465
1572191791.519953, -1.590820, -1.794434, 2.692383, -263.549805, 18.981934, -222.351074
1572191791.529963, -1.304688, -1.120605, 2.494629, -338.500977, 21.484375, -301.391602
1572191791.542900, -0.915039, -0.244629, 2.304199, -407.531738, 2.197266, -369.567871
1572191791.558369, -0.382324, 0.670410, 1.453125, -422.119141, -10.131836, -394.775391
1572191791.571760, 0.088867, 1.241211, 1.038574, -338.195801, -10.070801, -375.610352
1572191791.589542, 0.307129, 1.541504, 0.928223, -281.921387, -23.681641, -353.149414
1572191791.600069, 0.283203, 1.780273, 1.084961, -266.967773, -25.878906, -341.613770
1572191791.612281, 0.501465, 2.084473, 0.940918, -265.014648, -9.399414, -324.279785
1572191791.624750, 0.842773, 2.346191, 0.524414, -261.962891, 5.004883, -298.400879
1572191791.638485, 1.197266, 2.604980, 0.201172, -235.595703, 22.277832, -256.286621
1572191791.651959, 1.520020, 2.717285, -0.202148, -206.054688, 25.207520, -202.880859
1572191791.664794, 1.687500, 2.774414, -0.468750, -146.423340, 16.052246, -144.409180
1572191791.678221, 1.844238, 2.831055, -0.750000, -84.594727, -5.615234, -101.745605
1572191791.692876, 1.942383, 2.851074, -0.856445, -10.864258, -8.239746, -58.349609
1572191791.705276, 1.941895, 2.818359, -0.592285, 47.424316, -15.319824, -12.817383
1572191791.723533, 1.921387, 2.883789, -0.346191, 79.528809, -28.869629, 31.494141
1572191791.732438, 1.986328, 3.007324, -0.412598, 149.658203, -43.151855, 88.867188
1572191791.745211, 1.747070, 2.985840, 0.095703, 255.432129, -31.066895, 157.714844
1572191791.759867, 1.554199, 2.978027, 0.488281, 279.907227, -40.344238, 192.504883
1572191791.772185, 1.425293, 3.006836, 0.716309, 318.969727, -37.231445, 250.244141
1572191791.786665, 1.181152, 2.843262, 0.940918, 369.934082, -22.949219, 327.087402
1572191791.800011, 0.687988, 2.443848, 1.052734, 394.714355, -6.774902, 381.713867
1572191791.818151, 0.115723, 1.904297, 0.979004, 428.710938, 15.014648, 412.048340
1572191791.827441, -0.572266, 1.299316, 1.356934, 461.730957, 22.766113, 411.621094
1572191791.839786, -1.078613, 0.537598, 1.860840, 557.067871, -10.986328, 415.344238
1572191791.854099, -1.561523, -0.249023, 3.320801, 542.480469, -54.687500, 413.269043
1572191791.868718, -1.942871, -1.236816, 3.599609, 433.959961, 17.578125, 339.172363
1572191791.880430, -2.015137, -1.926758, 3.866211, 301.574707, 26.611328, 265.747070
1572191791.896362, -2.057617, -2.476074, 3.600586, 144.592285, 7.324219, 149.597168
1572191791.907279, -1.749023, -2.405762, 2.852539, 103.027344, -19.165039, 33.508301
1572191791.921798, -0.768555, -1.862793, 1.887695, 95.031738, -45.471191, -6.103516
1572191791.933999, -0.348145, -1.425781, 1.777344, 34.362793, 8.911133, -23.132324
1572191791.947209, -0.158691, -1.283691, 1.676270, -22.521973, 38.208008, -21.362305
1572191791.962056, -0.153320, -1.211914, 1.339355, -51.452637, 40.588379, -47.973633
1572191791.975238, -0.025879, -1.041016, 1.073730, -39.672852, 31.311035, -92.163086
1572191791.988574, 0.329102, -0.658691, 1.020020, -44.250488, 18.981934, -123.535156
1572191792.000957, 0.706055, -0.317871, 0.995605, -34.118652, 21.057129, -116.577148
1572191792.014718, 0.795898, -0.192871, 1.123047, -38.208008, 33.203125, -95.825195
1572191792.029954, 0.669434, -0.181152, 1.245605, -62.316895, 41.381836, -81.909180
1572191792.042210, 0.546387, -0.115723, 1.085449, -73.486328, 44.372559, -77.270508
1572191792.054191, 0.442871, -0.059570, 1.028320, -52.490234, 44.311523, -81.542969
1572191792.074723, 0.479004, -0.043457, 1.031250, -58.410645, 43.762207, -89.050293
1572191792.082555, 0.494141, -0.128418, 0.824707, -66.955566, 47.485352, -99.487305
1572191792.101861, 0.616699, -0.143066, 0.756348, -53.955078, 45.227051, -116.760254
1572191792.109495, 1.011719, -0.109375, 0.725098, -48.217773, 37.658691, -118.896484
1572191792.124860, 1.451172, -0.166992, 0.516602, -54.260254, 32.592773, -108.825684
1572191792.137303, 1.982910, -0.184082, 0.163086, -42.358398, 48.522949, -80.017090
1572191792.150561, 2.596191, -0.271484, -0.668945, -23.254395, 71.105957, -53.100586
1572191792.167849, 2.647461, -0.098145, -0.178223, -54.260254, 53.161621, -40.710449
1572191792.175483, 2.822266, -0.061523, -0.295898, -3.295898, -18.249512, -11.230469
1572191792.189653, 2.953613, -0.011230, -0.235352, 8.972168, -55.236816, 5.737305
1572191792.203585, 2.948242, -0.015137, -0.017578, 3.173828, -70.800781, 44.860840
1572191792.217171, 2.752441, -0.040527, 0.029785, -1.098633, -93.688965, 84.777832
1572191792.230086, 2.269531, 0.033203, 0.301758, -8.117676, -124.206543, 109.130859
1572191792.243626, 1.957520, 0.246094, 0.468750, 3.356934, -158.874512, 146.362305
1572191792.256660, 1.389648, 0.388184, 0.892090, 12.756348, -208.801270, 178.039551
1572191792.270848, 0.870605, 0.542480, 0.920410, 7.812500, -235.046387, 199.768066
1572191792.292363, 0.401855, 0.689453, 0.979492, 25.451660, -211.730957, 216.552734
1572191792.313847, -0.009277, 0.753418, 0.959473, 33.203125, -152.770996, 231.689453
1572191792.329519, -0.324219, 0.827637, 0.925781, 40.466309, -95.153809, 248.474121
1572191792.331485, -0.550293, 0.835449, 0.689941, 27.832031, -29.174805, 270.874023
1572191792.338933, -0.891113, 0.670410, 0.770996, 41.992188, 22.705078, 282.104492
1572191792.351963, -1.220703, 0.210938, 0.790527, 59.570312, 51.940918, 249.877930
1572191792.365060, -1.489258, -0.326660, 1.001465, 87.890625, 67.504883, 163.574219
1572191792.382316, -1.465332, -0.765137, 1.289551, 112.976074, 77.575684, 37.536621
1572191792.392406, -1.110840, -0.738770, 2.039062, 115.234375, 65.917969, -83.007812
1572191792.408931, -0.460449, -0.374512, 2.393555, 74.951172, 17.456055, -160.949707
1572191792.420125, 0.155273, 0.089355, 2.284668, 34.545898, -15.869141, -174.133301
1572191792.433189, 0.367676, 0.439941, 2.201660, -16.540527, -16.296387, -151.000977
1572191792.445737, 0.202637, 0.601562, 2.006348, -67.871094, 22.033691, -115.234375
1572191792.458767, -0.096191, 0.666016, 1.726074, -127.380371, 85.815430, -103.576660
1572191792.471993, -0.250000, 0.719238, 1.396484, -116.271973, 138.549805, -103.454590
1572191792.486813, -0.257812, 0.648926, 1.372070, -97.656250, 145.019531, -128.784180
1572191792.502142, -0.032227, 0.620117, 1.169922, -81.176758, 129.577637, -157.836914
1572191792.513037, 0.306641, 0.562012, 0.952637, -76.721191, 120.178223, -170.959473
1572191792.527565, 0.585449, 0.331055, 0.564453, -12.084961, 104.370117, -162.048340
1572191792.542987, 0.985840, 0.088867, 0.395508, -22.033691, 95.703125, -164.978027
1572191792.552873, 1.448730, -0.104492, 0.186035, -3.295898, 117.126465, -125.610352
1572191792.567459, 1.705078, -0.408691, 0.106934, -4.150391, 148.010254, -92.346191
1572191792.580763, 1.789551, -0.854004, 0.012695, -4.821777, 161.376953, -67.443848
1572191792.594078, 1.982910, -1.117676, 0.033691, 33.142090, 154.174805, -60.241699
1572191792.612951, 2.370117, -1.093262, 0.246582, 19.470215, 122.802734, -59.265137
1572191792.619421, 2.722168, -1.047363, 0.237793, 15.625000, 80.322266, -41.992188
1572191792.635792, 2.881348, -0.972168, 0.220215, 1.037598, 42.358398, -29.479980
1572191792.648034, 3.019043, -0.823242, 0.190918, -14.892578, 11.779785, -7.568359
1572191792.661506, 2.953125, -0.673340, 0.097168, -20.629883, -26.489258, 12.329102
1572191792.674632, 2.810059, -0.546875, 0.018066, -7.873535, -72.753906, 26.245117
1572191792.687993, 2.590332, -0.416016, -0.080566, -1.464844, -102.966309, 46.691895
1572191792.701629, 2.335938, -0.396484, -0.043945, 0.854492, -116.882324, 71.105957
1572191792.715526, 2.041016, -0.488281, -0.055176, 2.136230, -116.088867, 94.116211
1572191792.729080, 1.684082, -0.626953, 0.090820, 4.943848, -110.900879, 97.167969
1572191792.746866, 1.371094, -0.608887, 0.270996, -14.953613, -124.755859, 80.932617
1572191792.757050, 1.196289, -0.120605, 0.403809, 41.442871, -159.057617, 83.007812
1572191792.769425, 1.356445, 0.311035, 1.003906, 115.051270, -213.562012, 119.323730
1572191792.782837, 1.082520, 0.474121, 1.581055, 97.717285, -241.638184, 176.330566
1572191792.795326, 0.487793, 0.621094, 1.333496, 66.772461, -229.370117, 204.895020
1572191792.816799, -0.013184, 0.674316, 1.266113, 33.264160, -172.607422, 209.533691
1572191792.822403, -0.324707, 0.734863, 1.070312, 15.441895, -114.318848, 203.247070
1572191792.835594, -0.398926, 0.908691, 0.465332, 57.495117, -79.345703, 191.223145
1572191792.850028, -0.482910, 0.888672, 1.051758, 180.847168, -29.235840, 216.308594
1572191792.862215, -0.635742, 0.512207, 1.468262, 151.611328, -15.136719, 204.528809
1572191792.876660, -0.720215, 0.028809, 1.315918, 105.895996, 25.878906, 171.203613
1572191792.892243, -0.632324, -0.385742, 1.413086, 103.271484, 67.687988, 115.783691
1572191792.903391, -0.316895, -0.576660, 1.717773, 97.839355, 85.815430, 63.110352
1572191792.919883, -0.089355, -0.714355, 1.810547, 54.260254, 68.786621, 20.629883
1572191792.931576, 0.082031, -0.811523, 1.885742, 25.939941, 15.502930, -40.283203
1572191792.943626, 0.479492, -0.743652, 1.757324, 22.949219, 0.671387, -85.510254
1572191792.956476, 0.913086, -0.561035, 1.613770, -0.244141, -28.991699, -104.736328
1572191792.973702, 1.308594, -0.308105, 1.694824, -35.278320, -27.709961, -93.994141
1572191792.984706, 1.426270, -0.233398, 1.810547, -86.181641, -10.131836, -59.448242
1572191792.997650, 1.438965, -0.314453, 1.639648, -112.060547, -10.314941, -29.418945
1572191793.011066, 1.310547, -0.556641, 2.161621, -119.384766, -29.479980, -12.268066
1572191793.025134, 1.340820, -0.631836, 2.597168, -171.142578, -75.439453, -5.554199
1572191793.037717, 1.329590, -0.557129, 2.958008, -203.125000, -97.412109, 37.475586
1572191793.054362, 1.059570, -0.482910, 3.364746, -313.903809, -94.055176, 94.116211
1572191793.065485, 0.400391, -0.562988, 2.807617, -394.226074, -71.960449, 121.337891
1572191793.079800, -0.195801, -0.489258, 2.292480, -395.751953, -66.406250, 103.210449
1572191793.117079, -0.362305, -0.231445, 1.914551, -396.179199, -109.069824, 54.382324
1572191793.118865, -0.096680, 0.182129, 1.142578, -394.653320, -142.272949, 33.447266
1572191793.126225, -0.034668, 0.504883, 0.576172, -388.427734, -150.024414, 46.081543
1572191793.134896, -0.289062, 0.584961, 0.069336, -385.559082, -138.671875, 69.030762
1572191793.148422, -0.902344, 0.389160, -0.289551, -376.831055, -114.318848, 68.786621
1572191793.158753, -1.609375, 0.150879, -0.898438, -381.835938, -74.707031, 23.864746
1572191793.173647, -2.176758, -0.063477, -1.517578, -393.005371, 9.338379, -21.972656
1572191793.186363, -2.457031, -0.211426, -1.946777, -340.209961, 140.502930, -110.229492
1572191793.200012, -1.878906, 0.152832, -1.808594, -262.939453, 219.055176, -229.736328
1572191793.212977, -0.977051, 0.908203, -1.146484, -203.491211, 271.484375, -291.259766
1572191793.228526, 0.073730, 1.458008, -0.617676, -224.426270, 287.353516, -293.762207
1572191793.239028, 0.599121, 1.722656, -0.794434, -199.279785, 305.053711, -269.104004
1572191793.253583, 0.715332, 2.009766, -0.651855, -131.347656, 315.063477, -253.112793
1572191793.267423, 0.911133, 2.189453, -0.758789, -77.087402, 326.477051, -261.657715
1572191793.367389, 1.327148, 2.603027, -0.450195, 10.437012, 333.251953, -249.572754
1572191793.369394, 1.827637, 2.966309, -0.369629, 69.763184, 341.308594, -212.524414
1572191793.370940, 2.100586, 2.944336, -0.244141, 128.845215, 341.247559, -159.179688
1572191793.372664, 2.309570, 2.908203, 0.258789, 201.354980, 301.574707, -125.122070
1572191793.374597, 2.691895, 2.875488, 0.599609, 236.389160, 262.878418, -75.378418
1572191793.375319, 3.127930, 2.302734, 1.114258, 286.926270, 159.423828, 46.691895
1572191793.375425, 3.265137, 2.065430, 1.038574, 322.875977, 94.116211, 105.285645
1572191793.387888, 3.146484, 1.609863, 1.519531, 370.361328, 21.484375, 161.376953
1572191793.401464, 3.054199, 1.222168, 1.713867, 372.985840, -45.471191, 198.242188
1572191793.415010, 2.795410, 0.903320, 1.999512, 364.685059, -96.557617, 234.619141
1572191793.432247, 2.409668, 0.480957, 2.335449, 339.111328, -143.981934, 268.188477
1572191793.466427, 1.668457, -0.164062, 3.068359, 329.528809, -218.261719, 272.460938
1572191793.470663, 0.831055, -1.246582, 4.302246, 307.373047, -300.781250, 242.919922
1572191793.480414, 0.331055, -2.403809, 5.682617, 43.884277, -273.254395, 276.611328
1572191793.493865, -0.405273, -2.276855, 5.071289, -132.141113, -266.357422, 265.380859
1572191793.507047, -0.666016, -1.596191, 3.548340, -197.998047, -294.372559, 234.497070
1572191793.521516, -0.772949, -0.757324, 2.441895, -263.977051, -312.866211, 228.698730
1572191793.533829, -1.351562, -0.149414, 1.606445, -284.729004, -327.758789, 231.384277
1572191793.550828, -2.348145, -0.146484, 0.780273, -270.324707, -291.625977, 262.084961
1572191793.566131, -3.570801, -0.488770, 0.243164, -346.191406, -194.885254, 198.913574
1572191793.575057, -4.262207, -0.837891, -0.888672, -403.869629, -64.147949, 44.799805
1572191793.588503, -4.159668, -0.576660, -1.642090, -358.337402, 38.513184, -133.422852
1572191793.603192, -3.200684, 0.443359, -1.622070, -283.386230, 134.887695, -295.288086
1572191793.615076, -1.693848, 1.617676, -1.395996, -252.258301, 211.120605, -369.995117
1572191793.629541, -0.496582, 2.413086, -1.318359, -211.853027, 274.353027, -324.462891
1572191793.642386, 0.319336, 2.772949, -1.339355, -194.702148, 332.580566, -301.391602
1572191793.655798, 0.930176, 3.060547, -1.086914, -111.572266, 366.577148, -250.976562
1572191793.672905, 1.516602, 3.210449, -1.039551, -46.569824, 374.816895, -206.298828
1572191793.682658, 1.777832, 3.052734, -0.503418, 37.292480, 361.450195, -157.775879
1572191793.695978, 2.052734, 2.830566, -0.616211, 80.932617, 304.321289, -141.967773
1572191793.709236, 2.244141, 2.480957, -0.528809, 231.384277, 283.020020, -94.177246
1572191793.722917, 2.550293, 2.207031, 0.451660, 249.633789, 215.209961, -102.539062
1572191793.761873, 3.392090, 2.143066, 0.913574, 268.249512, 177.429199, -43.151855
1572191793.763938, 3.861816, 1.831055, 1.127930, 260.070801, 116.699219, 29.174805
1572191793.771742, 3.751953, 1.413574, 1.519043, 260.559082, 64.086914, 106.689453
1572191793.779318, 3.442383, 0.850098, 2.156250, 249.633789, 28.503418, 181.518555
1572191793.792687, 2.741211, -0.162598, 3.330078, 209.899902, -17.517090, 221.313477
1572191793.804017, 2.265137, -1.166504, 4.791992, 179.687500, -102.111816, 248.779297
1572191793.817654, 1.572754, -1.855469, 5.013672, 61.340332, -215.820312, 225.708008
1572191793.830107, 1.047852, -1.771484, 4.384277, -50.476074, -285.888672, 201.110840
1572191793.844442, 0.791504, -1.223633, 3.368652, -129.028320, -313.476562, 191.833496
1572191793.858754, 0.606934, -0.590332, 2.407715, -189.208984, -324.890137, 205.993652
1572191793.873109, 0.215820, -0.024902, 1.695801, -228.393555, -326.477051, 225.891113
1572191793.885165, -0.142090, 0.376465, 1.106934, -252.990723, -316.284180, 237.731934
1572191793.897554, -0.672363, 0.625488, 0.684082, -243.286133, -301.635742, 236.572266
1572191793.911728, -1.170410, 0.631348, 0.220215, -222.778320, -280.639648, 230.224609
1572191793.925113, -1.494629, 0.529785, -0.120605, -247.436523, -240.234375, 183.227539
1572191793.959444, -1.699219, 0.370605, -0.608887, -257.202148, -230.346680, 107.177734
1572191793.962322, -1.422363, 0.507324, -1.206055, -208.496094, -225.280762, 27.770996
1572191793.968389, -0.758301, 0.911621, -1.791992, -160.034180, -235.107422, -21.545410
1572191793.977832, -0.206543, 1.469727, -2.343262, -120.239258, -246.276855, -28.198242
1572191793.991404, 0.186035, 1.709961, -3.085938, -120.056152, -248.229980, -4.272461
1572191794.005796, 0.167480, 1.809082, -3.858398, -42.968750, -232.849121, 42.175293
1572191794.050538, 0.105469, 1.666992, -4.302246, 40.222168, -196.166992, 66.467285
1572191794.052476, -0.067871, 1.400879, -4.091797, 102.416992, -115.539551, 46.203613
1572191794.053895, 0.019531, 1.312988, -3.469727, 181.640625, -17.700195, 60.485840
1572191794.058650, 0.104980, 1.320801, -2.971191, 188.110352, 46.569824, 66.467285
1572191794.082295, 0.093262, 1.299316, -2.650879, 197.204590, 88.562012, 79.833984
1572191794.088259, -0.049316, 1.235352, -2.213867, 207.458496, 122.619629, 90.087891
1572191794.101483, -0.224609, 1.194336, -1.885742, 220.581055, 162.841797, 105.773926
1572191794.114969, -0.280273, 1.197266, -1.407715, 254.699707, 190.734863, 124.877930
1572191794.127255, -0.373535, 1.202637, -1.086426, 299.743652, 235.595703, 162.292480
1572191794.140277, -0.654785, 1.156250, -0.515625, 346.923828, 295.776367, 215.332031
1572191794.153643, -1.152344, 1.160645, 0.131348, 377.136230, 351.989746, 272.155762
1572191794.167071, -1.446777, 1.268555, 0.561523, 368.652344, 433.349609, 311.645508
1572191794.181424, -1.985840, 1.135742, 1.302246, 331.542969, 474.975586, 332.397461
1572191794.194674, -2.298828, 0.798828, 1.894043, 347.167969, 452.819824, 335.876465
1572191794.207871, -2.738770, 0.170410, 2.476074, 375.549316, 377.746582, 287.048340
1572191794.224516, -2.954590, -0.485840, 3.348145, 389.587402, 266.418457, 194.946289
1572191794.234728, -3.075195, -1.233887, 3.352539, 350.280762, 134.033203, 43.518066
1572191794.251302, -2.810547, -1.328613, 2.751465, 321.655273, 26.672363, -155.090332
1572191794.261371, -2.218750, -1.000488, 1.921875, 306.030273, -18.981934, -302.856445
1572191794.275765, -1.157227, -0.220703, 1.703613, 284.362793, 16.723633, -377.258301
1572191794.287776, -0.018555, 0.334473, 1.855469, 233.825684, 92.590332, -341.064453
1572191794.304766, 0.525391, 0.446289, 2.319336, 162.048340, 192.749023, -237.426758
1572191794.316058, 0.341309, 0.038086, 2.277832, 71.105957, 239.685059, -158.447266
1572191794.328148, -0.211426, -0.411621, 2.040527, 37.231445, 261.840820, -118.530273
1572191794.341866, -0.461426, -0.658203, 2.074219, 26.855469, 292.236328, -124.450684
1572191794.355140, -0.371582, -0.818359, 2.101074, -9.277344, 306.457520, -143.737793
1572191794.368362, -0.148926, -0.949707, 2.008301, 12.451172, 261.108398, -159.667969
1572191794.385610, -0.016113, -1.044922, 2.001465, 42.419434, 200.439453, -193.847656
1572191794.394606, 0.301270, -0.879395, 2.058594, 6.408691, 169.372559, -222.290039
1572191794.409126, 0.603516, -0.738770, 1.995605, -22.949219, 178.222656, -216.918945
1572191794.422439, 0.729492, -0.807129, 1.799805, -44.677734, 203.857422, -206.481934
1572191794.435483, 0.734375, -0.819824, 1.916016, -42.785645, 225.646973, -207.336426
1572191794.448699, 0.918457, -0.712402, 2.417480, -86.425781, 204.650879, -216.674805
1572191794.467247, 1.006348, -0.584961, 2.462402, -104.187012, 171.020508, -222.473145
1572191794.477877, 1.058594, -0.373535, 2.394531, -106.872559, 136.413574, -228.637695
1572191794.499025, 1.211426, -0.117188, 2.183594, -141.479492, 107.971191, -240.783691
1572191794.517266, 1.464355, 0.181152, 1.857422, -133.666992, 77.270508, -241.821289
1572191794.520055, 1.781738, 0.453125, 1.729004, -132.446289, 32.714844, -236.328125
1572191794.534959, 2.246582, 0.802734, 1.488281, -125.793457, -18.737793, -211.791992
1572191794.543980, 2.691406, 1.125000, 1.312012, -118.408203, -75.378418, -178.039551
1572191794.563167, 3.139160, 1.472168, 0.771484, -122.985840, -131.896973, -140.441895
1572191794.581266, 3.425781, 1.797363, 0.428223, -65.124512, -199.829102, -81.420898
1572191794.591335, 3.452637, 1.977539, 0.335938, 6.347656, -265.014648, -4.821777
1572191794.599656, 3.209961, 1.952148, 0.408691, 77.087402, -277.221680, 82.885742